Workbook

Sheet toyKFmodelData8c
A1: 1850 | B1: -0.42648312 | C1: ='[1]ERF_best_aggregates_1750-2024'!AA102 -> 288.23704 | D1: 3.6 | E1: 0.086558442 | F1: 0 | G1: =G$184 -> 50.219411 | H1: ='[1]ERF_best_aggregates_1750-2024'!AE102 -> -0.08262261 | I1: {=TRANSPOSE(L42:GF42)/4} -> 340.44589
A2: 1851 | B2: -0.2635183 | C2: ='[1]ERF_best_aggregates_1750-2024'!AA103 -> 288.2187 | D2: 2.5083333 | E2: 0.087122259 | F2: 0 | G2: =G$184 -> 50.219411 | H2: ='[1]ERF_best_aggregates_1750-2024'!AE103 -> -0.074346854 | I2: 340.4303
A3: 1852 | B3: -0.22405294 | C3: ='[1]ERF_best_aggregates_1750-2024'!AA104 -> 288.29346 | D3: 1.4416667 | E3: 0.082300038 | F3: 0 | G3: =G$184 -> 50.219411 | H3: ='[1]ERF_best_aggregates_1750-2024'!AE104 -> -0.071212116 | I3: 340.41904
A4: 1853 | B4: -0.26234877 | C4: ='[1]ERF_best_aggregates_1750-2024'!AA105 -> 288.4659 | D4: 0.61666667 | E4: 0.079540539 | F4: 0 | G4: =G$184 -> 50.219411 | H4: ='[1]ERF_best_aggregates_1750-2024'!AE105 -> -0.075491193 | I4: 340.38434
A5: 1854 | B5: -0.29358405 | C5: ='[1]ERF_best_aggregates_1750-2024'!AA106 -> 288.74847 | D5: 0.28333333 | E5: 0.068980705 | F5: 0 | G5: =G$184 -> 50.219411 | H5: ='[1]ERF_best_aggregates_1750-2024'!AE106 -> -0.091699698 | I5: 340.34076
A6: 1855 | B6: -0.29138646 | C6: ='[1]ERF_best_aggregates_1750-2024'!AA107 -> 288.83009 | D6: 2.0333333 | E6: 0.067710675 | F6: 0 | G6: =G$184 -> 50.219411 | H6: ='[1]ERF_best_aggregates_1750-2024'!AE107 -> -0.086573276 | I6: 340.29764
A7: 1856 | B7: -0.32809034 | C7: ='[1]ERF_best_aggregates_1750-2024'!AA108 -> 288.88936 | D7: 38.658333 | E7: 0.072110575 | F7: 0 | G7: =G$184 -> 50.219411 | H7: ='[1]ERF_best_aggregates_1750-2024'!AE108 -> -0.088479988 | I7: 340.28876
A8: 1857 | B8: -0.46585593 | C8: ='[1]ERF_best_aggregates_1750-2024'!AA109 -> 289.23436 | D8: 60.166667 | E8: 0.075915982 | F8: 0 | G8: =G$184 -> 50.219411 | H8: ='[1]ERF_best_aggregates_1750-2024'!AE109 -> -0.095319325 | I8: 340.32849
A9: 1858 | B9: -0.3967561 | C9: ='[1]ERF_best_aggregates_1750-2024'!AA110 -> 289.49979 | D9: 29 | E9: 0.075354932 | F9: 0 | G9: =G$184 -> 50.219411 | H9: ='[1]ERF_best_aggregates_1750-2024'!AE110 -> -0.099661231 | I9: 340.40457
A10: 1859 | B10: -0.29197732 | C10: ='[1]ERF_best_aggregates_1750-2024'!AA111 -> 289.67402 | D10: 11.183333 | E10: 0.071113728 | F10: 0 | G10: =G$184 -> 50.219411 | H10: ='[1]ERF_best_aggregates_1750-2024'!AE111 -> -0.10222859 | I10: 340.47235
A11: 1860 | B11: -0.40712935 | C11: ='[1]ERF_best_aggregates_1750-2024'!AA112 -> 289.91823 | D11: 4.5916667 | E11: 0.075532525 | F11: 0 | G11: =G$184 -> 50.219411 | H11: ='[1]ERF_best_aggregates_1750-2024'!AE112 -> -0.10750809 | I11: 340.4928
A12: 1861 | B12: -0.4636966 | C12: ='[1]ERF_best_aggregates_1750-2024'!AA113 -> 290.26042 | D12: 3.4083333 | E12: 0.08527384 | F12: 0 | G12: =G$184 -> 50.219411 | H12: ='[1]ERF_best_aggregates_1750-2024'!AE113 -> -0.10837089 | I12: 340.46646
A13: 1862 | B13: -0.5548254 | C13: ='[1]ERF_best_aggregates_1750-2024'!AA114 -> 290.47889 | D13: 13.658333 | E13: 0.08448807 | F13: 0 | G13: =G$184 -> 50.219411 | H13: ='[1]ERF_best_aggregates_1750-2024'!AE114 -> -0.10850063 | I13: 340.44412
... A16: 1865 | B16: -0.39224166 | C16: ='[1]ERF_best_aggregates_1750-2024'!AA117 -> 291.53084 | D16: 2 | E16: 0.09969487 | F16: 0 | G16: =G$184 -> 50.219411 | H16: ='[1]ERF_best_aggregates_1750-2024'!AE117 -> -0.12368819 | I16: 340.35919
A17: 1866 | B17: -0.4001619 | C17: ='[1]ERF_best_aggregates_1750-2024'!AA118 -> 291.82365 | D17: 0.825 | E17: 0.098062295 | F17: 0 | G17: =G$184 -> 50.219411 | H17: ='[1]ERF_best_aggregates_1750-2024'!AE118 -> -0.12179118 | I17: 340.32669 | EQ17: =ER17-1 -> 2005 | ER17: =ES17-1 -> 2006 | ES17: =ET17-1 -> 2007 | ET17: =EU17-1 -> 2008 | EU17: =EV17-1 -> 2009 | EV17: =EW17-1 -> 2010 | EW17: =EX17-1 -> 2011 | EX17: =EY17-1 -> 2012 | ... FC17: =FD17-1 -> 2017 | FD17: 2018
A18: 1867 | B18: -0.39941457 | C18: ='[1]ERF_best_aggregates_1750-2024'!AA119 -> 292.26112 | D18: 0.36666667 | E18: 0.10093699 | F18: 0 | G18: =G$184 -> 50.219411 | H18: ='[1]ERF_best_aggregates_1750-2024'!AE119 -> -0.13258649 | I18: 340.30014 | K18: Zanna 2018 | L18: 0 | M18: 1.152174 | N18: 3.055448 | O18: 1.713526 | P18: 1.624636 | Q18: 0.016767 | R18: 3.470358 | S18: 9.072875 | T18: 13.960433 | U18: 17.407888 | V18: 21.636983 | W18: 19.125768 | X18: 16.527455 | Y18: 15.617733 | Z18: 14.757101 | AA18: 14.922197 | AB18: 16.212654 | AC18: 17.683049 | AD18: 18.085829 | AE18: 17.171818 | AF18: 16.535898 | AG18: 15.380051 | AH18: 13.8487 | AI18: 12.512436 | AJ18: 15.250814 | AK18: 19.174388 | AL18: 22.765411 | AM18: 25.369513 | AN18: 30.661798 | AO18: 32.826909 | AP18: 29.906303 | AQ18: 24.750119 | AR18: 16.52974 | AS18: 6.202032 | AT18: -2.972809 | AU18: -10.435316 | AV18: -17.45549 | AW18: -21.520154 | AX18: -26.003014 | AY18: -32.254265 | AZ18: -37.908706 | BA18: -40.699373 | BB18: -42.468967 | BC18: -39.558381 | BD18: -33.405565 | BE18: -29.332003 | BF18: -25.898116 | BG18: -23.093303 | BH18: -22.862689 | BI18: -25.094347 | BJ18: -25.852486 | BK18: -28.246202 | BL18: -29.848146 | BM18: -32.924574 | BN18: -32.588192 | BO18: -28.764911 | BP18: -23.708613 | BQ18: -19.774637 | BR18: -15.226844 | BS18: -11.34996 | BT18: -8.957786 | BU18: -5.661382 | BV18: -1.364168 | BW18: 2.793185 | BX18: 5.869318 | BY18: 11.234539 | BZ18: 19.853909 | CA18: 30.033243 | CB18: 39.926427 | CC18: 49.824919 | CD18: 59.743278 | CE18: 67.517431 | CF18: 77.93809 | CG18: 92.961553 | CH18: 105.09258 | CI18: 107.77882 | CJ18: 108.85972 | CK18: 107.21289 | CL18: 101.69687 | CM18: 99.013982 | CN18: 105.47594 | CO18: 115.27586 | CP18: 122.90332 | CQ18: 126.5047 | CR18: 128.33549 | CS18: 129.66937 | CT18: 133.23209 | CU18: 138.87055 | CV18: 147.99471 | CW18: 158.04931 | CX18: 166.67939 | CY18: 170.15124 | CZ18: 170.21562 | DA18: 166.12664 | DB18: 163.16833 | DC18: 160.95305 | DD18: 159.30754 | DE18: 161.72691 | DF18: 170.2651 | DG18: 173.85688 | DH18: 174.00965 | DI18: 176.92966 | DJ18: 177.00977 | DK18: 172.98574 | DL18: 171.97073 | DM18: 175.8085 | DN18: 180.62356 | DO18: 187.51975 | DP18: 200.02892 | DQ18: 214.22823 | DR18: 224.42046 | DS18: 229.07346 | DT18: 234.39847 | DU18: 235.26143 | DV18: 235.105 | DW18: 238.01264 | DX18: 246.14991 | DY18: 252.45115 | DZ18: 260.93968 | EA18: 270.28614 | EB18: 275.88284 | EC18: 276.58821 | ED18: 279.07423 | EE18: 282.20069 | EF18: 286.93273 | EG18: 296.39127 | EH18: 312.10352 | EI18: 325.80344 | EJ18: 334.27249 | EK18: 341.25049 | EL18: 348.03345 | EM18: 351.25772 | EN18: 357.03793 | EO18: 367.89013 | EP18: 378.32559 | EQ18: 385.50961 | ER18: 389.38557 | ES18: 391.97982 | ET18: 395.58442 | EU18: 399.40767 | EV18: 403.10555 | EW18: 409.97602 | EX18: 417.5157 | EY18: 425.15174 | EZ18: 433.95853 | FA18: 444.16808 | FB18: 453.15947 | FC18: 460.30365 | FD18: 463.99003
A19: 1868 | B19: -0.36312076 | C19: ='[1]ERF_best_aggregates_1750-2024'!AA120 -> 292.69957 | D19: 0.20833333 | E19: 0.091737048 | F19: 0 | G19: =G$184 -> 50.219411 | H19: ='[1]ERF_best_aggregates_1750-2024'!AE120 -> -0.14384636 | I19: 340.35177 | K19: https://zenodo.org/records/4603700#.ZDuFNxXMI88 | L19: 47.877714 | M19: 47.296132 | N19: 49.162493 | O19: 52.026752 | P19: 52.084695 | Q19: 56.097728 | R19: 49.577996 | S19: 49.734915 | T19: 49.318906 | U19: 50.905978 | V19: 50.942965 | W19: 48.384266 | X19: 51.583947 | Y19: 47.446891 | Z19: 48.134172 | AA19: 50.271923 | AB19: 53.832246 | AC19: 49.341672 | AD19: 50.638702 | AE19: 49.728126 | AF19: 51.957317 | AG19: 50.066094 | AH19: 54.553121 | AI19: 49.33589 | AJ19: 51.153911 | AK19: 48.515118 | AL19: 58.411089 | AM19: 51.211101 | AN19: 48.897539 | AO19: 47.410651 | AP19: 55.610861 | AQ19: 50.779745 | AR19: 48.623297 | AS19: 50.851572 | AT19: 53.647177 | AU19: 46.205308 | AV19: 54.434851 | AW19: 47.731118 | AX19: 52.426806 | AY19: 51.183776 | AZ19: 49.505871 | BA19: 51.733893 | BB19: 48.463394 | BC19: 47.801648 | BD19: 53.261487 | BE19: 51.317435 | BF19: 49.731985 | BG19: 50.709682 | BH19: 50.593136 | BI19: 49.813271 | BJ19: 48.289882 | BK19: 38.332555 | BL19: 36.775419 | BM19: 35.377609 | BN19: 40.943997 | BO19: 41.31503 | BP19: 38.726614 | BQ19: 39.926903 | BR19: 39.68572 | BS19: 37.050845 | BT19: 36.781007 | BU19: 37.912699 | BV19: 38.055422 | BW19: 37.68018 | BX19: 41.302841 | BY19: 35.018914 | BZ19: 38.775016 | CA19: 35.837446 | CB19: 40.31908 | CC19: 38.963685 | CD19: 36.418633 | CE19: 38.579852 | CF19: 37.244673 | CG19: 37.659891 | CH19: 36.08115 | CI19: 34.400259 | CJ19: 40.178642 | CK19: 37.147046 | CL19: 37.950192 | CM19: 36.549625 | CN19: 37.305274 | CO19: 37.817529 | CP19: 38.384177 | CQ19: 40.473965 | CR19: 37.5954 | CS19: 34.225226 | CT19: 36.874388 | CU19: 39.492299 | CV19: 41.305689 | CW19: 37.915106 | CX19: 38.643114 | CY19: 38.403932 | CZ19: 38.867451 | DA19: 39.016264 | DB19: 39.950174 | DC19: 36.976562 | DD19: 40.128589 | DE19: 40.475253 | DF19: 39.266279 | DG19: 39.494076 | DH19: 25.001082 | DI19: 25.240618 | DJ19: 25.880512 | DK19: 26.163758 | DL19: 26.129288 | DM19: 25.307863 | DN19: 24.080274 | DO19: 24.397352 | DP19: 26.478678 | DQ19: 24.964443 | DR19: 26.393549 | DS19: 26.34393 | DT19: 26.269539 | DU19: 25.639737 | DV19: 25.283627 | DW19: 25.716423 | DX19: 25.471305 | DY19: 24.145945 | DZ19: 24.556968 | EA19: 26.405666 | EB19: 24.162634 | EC19: 25.433071 | ED19: 28.731781 | EE19: 23.850376 | EF19: 23.981631 | EG19: 25.697915 | EH19: 25.636693 | EI19: 25.646369 | EJ19: 26.810634 | EK19: 23.972168 | EL19: 25.699831 | EM19: 24.638421 | EN19: 24.003787 | EO19: 25.470211 | EP19: 26.016723 | EQ19: 25.435933 | ER19: 25.604416 | ES19: 23.583464 | ET19: 26.338853 | EU19: 25.861285 | EV19: 26.677227 | EW19: 26.216131 | EX19: 23.723237 | EY19: 24.557425 | EZ19: 26.02901 | FA19: 24.026637 | FB19: 24.026688 | FC19: 26.532469 | FD19: 24.110208
A20: 1869 | B20: -0.31852213 | C20: ='[1]ERF_best_aggregates_1750-2024'!AA121 -> 292.84071 | D20: 0.6 | E20: 0.080809103 | F20: 0 | G20: =G$184 -> 50.219411 | H20: ='[1]ERF_best_aggregates_1750-2024'!AE121 -> -0.14181872 | I20: 340.42279
A21: 1870 | B21: -0.32778123 | C21: ='[1]ERF_best_aggregates_1750-2024'!AA122 -> 293.13105 | D21: 0.60833333 | E21: 0.073627265 | F21: {=TRANSPOSE(L18:FD18)} -> 0 | G21: {=TRANSPOSE(L19:FD19)} -> 47.877714 | H21: ='[1]ERF_best_aggregates_1750-2024'!AE122 -> -0.15037133 | I21: 340.51199
A22: 1871 | B22: -0.37342322 | C22: ='[1]ERF_best_aggregates_1750-2024'!AA123 -> 293.20138 | D22: 0.59166667 | E22: 0.075082032 | F22: 1.152174 | G22: 47.296132 | H22: ='[1]ERF_best_aggregates_1750-2024'!AE123 -> -0.1482451 | I22: 340.50793
A23: 1872 | B23: -0.30945122 | C23: ='[1]ERF_best_aggregates_1750-2024'!AA124 -> 293.29319 | D23: 1.3166667 | E23: 0.06818233 | F23: 3.055448 | G23: 49.162493 | H23: ='[1]ERF_best_aggregates_1750-2024'!AE124 -> -0.15060728 | I23: 340.49283 | K23: Boyer NOAA | L23: heat_content_anomaly_0-2000_yearly.nc | M23: =1955+606/12 -> 2005.5 | N23: =M23+1 -> 2006.5 | O23: =N23+1 -> 2007.5 | P23: =O23+1 -> 2008.5 | Q23: =P23+1 -> 2009.5 | R23: =Q23+1 -> 2010.5 | S23: =R23+1 -> 2011.5 | T23: =S23+1 -> 2012.5 | U23: =T23+1 -> 2013.5 | ... AE23: =AD23+1 -> 2023.5
A24: 1873 | B24: -0.32117823 | C24: ='[1]ERF_best_aggregates_1750-2024'!AA125 -> 293.61917 | D24: 3.0083333 | E24: 0.06510575 | F24: 1.713526 | G24: 52.026752 | H24: ='[1]ERF_best_aggregates_1750-2024'!AE125 -> -0.16629871 | I24: 340.45068 | K24: https://www.ncei.noaa.gov/products/climate-data-records/global-ocean-heat-content | L24: https://www.ncei.noaa.gov/data/oceans/ncei/archive/data/0164586/derived/ | M24: 10.171 | N24: 12.638 | O24: 12.394 | P24: 13.257 | Q24: 13.431 | R24: 14.537 | S24: 15.394 | T24: 16.187 | U24: 18.65 | V24: 20.110001 | W24: 22.400999 | X24: 20.799 | Y24: 23.589001 | Z24: 24.059 | AA24: 25.436001 | AB24: 25.525 | AC24: 27.280001 | AD24: 28.191999 | AE24: 29.105
A25: 1874 | B25: -0.36541122 | C25: ='[1]ERF_best_aggregates_1750-2024'!AA126 -> 293.90688 | D25: 1.9583333 | E25: 0.066028365 | F25: 1.624636 | G25: 52.084695 | H25: ='[1]ERF_best_aggregates_1750-2024'!AE126 -> -0.17064407 | I25: 340.39374 | M25: =(N24-M24)*10 -> 24.67 | N25: =(O24-N24)*10 -> -2.44 | O25: =(P24-O24)*10 -> 8.63 | P25: =(Q24-P24)*10 -> 1.74 | Q25: =(R24-Q24)*10 -> 11.06 | R25: =(S24-R24)*10 -> 8.57 | S25: =(T24-S24)*10 -> 7.93 | T25: =(U24-T24)*10 -> 24.63 | ... AD25: =(AE24-AD24)*10 -> 9.13001
A26: 1875 | B26: -0.3667476 | C26: ='[1]ERF_best_aggregates_1750-2024'!AA127 -> 294.05739 | D26: 1.2916667 | E26: 0.068345515 | F26: 0.016767 | G26: 56.097728 | H26: ='[1]ERF_best_aggregates_1750-2024'!AE127 -> -0.16763622 | I26: 340.33819
A27: 1876 | B27: -0.41084635 | C27: ='[1]ERF_best_aggregates_1750-2024'!AA128 -> 294.28922 | D27: 6.2 | E27: 0.069553075 | F27: 3.470358 | G27: 49.577996 | H27: ='[1]ERF_best_aggregates_1750-2024'!AE128 -> -0.17429313 | I27: 340.32459 | M27: =EQ17 -> 2005 | N27: =ER17 -> 2006 | O27: =ES17 -> 2007 | P27: =ET17 -> 2008 | Q27: =EU17 -> 2009 | R27: =EV17 -> 2010 | S27: =EW17 -> 2011 | T27: =EX17 -> 2012 | ... AE27: =FI17 -> 0
A28: 1877 | B28: -0.082424335 | C28: ='[1]ERF_best_aggregates_1750-2024'!AA129 -> 294.61231 | D28: 5.2666667 | E28: 0.063936372 | F28: 9.072875 | G28: 49.734915 | H28: ='[1]ERF_best_aggregates_1750-2024'!AE129 -> -0.17938792 | I28: 340.32764 | K28: Rep Zanna18 | M28: =EQ18 -> 385.50961 | N28: =ER18 -> 389.38557 | O28: =ES18 -> 391.97982 | P28: =ET18 -> 395.58442 | Q28: =EU18 -> 399.40767 | R28: =EV18 -> 403.10555 | S28: =EW18 -> 409.97602 | T28: =EX18 -> 417.5157 | ... Z28: =FD18 -> 463.99003 | AA28: =Z28+Z33 -> 477.76004 | AB28: =AA28+AA33 -> 478.65003 | AC28: =AB28+AB33 -> 496.20004 | AD28: =AC28+AC33 -> 505.32002 | AE28: =AD28+AD33 -> 514.45003
A29: 1878 | B29: 0.010314008 | C29: ='[1]ERF_best_aggregates_1750-2024'!AA130 -> 294.92873 | D29: 3.1583333 | E29: 0.06155574 | F29: 13.960433 | G29: 49.318906 | H29: ='[1]ERF_best_aggregates_1750-2024'!AE130 -> -0.1832961 | I29: 340.29495 | M29: =N28-M28 -> 3.875953 | N29: =O28-N28 -> 2.594248 | O29: =P28-O28 -> 3.604608 | P29: =Q28-P28 -> 3.823247 | Q29: =R28-Q28 -> 3.697881 | R29: =S28-R28 -> 6.870471 | S29: =T28-S28 -> 7.539676 | T29: =U28-T28 -> 7.636045 | ... Y29: =Z28-Y28 -> 3.686381
A30: 1879 | B30: -0.28873557 | C30: ='[1]ERF_best_aggregates_1750-2024'!AA131 -> 295.19922 | D30: 2 | E30: 0.06592058 | F30: 17.407888 | G30: 50.905978 | H30: ='[1]ERF_best_aggregates_1750-2024'!AE131 -> -0.19487011 | I30: 340.30615
A31: 1880 | B31: -0.3031736 | C31: ='[1]ERF_best_aggregates_1750-2024'!AA132 -> 295.45641 | D31: 1.1416667 | E31: 0.061261195 | F31: 21.636983 | G31: 50.942965 | H31: ='[1]ERF_best_aggregates_1750-2024'!AE132 -> -0.20480285 | I31: 340.37341
A32: 1881 | B32: -0.2130113 | C32: ='[1]ERF_best_aggregates_1750-2024'!AA133 -> 295.87207 | D32: 0.66666667 | E32: 0.062508651 | F32: 19.125768 | G32: 48.384266 | H32: ='[1]ERF_best_aggregates_1750-2024'!AE133 -> -0.21030738 | I32: 340.43732
A33: 1882 | B33: -0.27210787 | C33: ='[1]ERF_best_aggregates_1750-2024'!AA134 -> 296.1325 | D33: 0.575 | E33: 0.062595312 | F33: 16.527455 | G33: 51.583947 | H33: ='[1]ERF_best_aggregates_1750-2024'!AE134 -> -0.21437935 | I33: 340.42929 | M33: =(Y24-M24)*10 -> 134.18001 | N33: much larger 2005-2018 in Boyer NOAA - nearly double | Z33: =Z25 -> 13.77001 | AA33: =AA25 -> 0.88999 | AB33: =AB25 -> 17.55001 | AC33: =AC25 -> 9.11998 | AD33: =AD25 -> 9.13001
A34: 1883 | B34: -0.32755712 | C34: ='[1]ERF_best_aggregates_1750-2024'!AA135 -> 296.35268 | D34: 47.291667 | E34: 0.055816838 | F34: 15.617733 | G34: 47.446891 | H34: ='[1]ERF_best_aggregates_1750-2024'!AE135 -> -0.21511301 | I34: 340.41818 | M34: =Z28-M28 -> 78.480415 | N34: Confirmed in AR6 fig 2.26
A35: 1884 | B35: -0.47444913 | C35: ='[1]ERF_best_aggregates_1750-2024'!AA136 -> 296.80515 | D35: 142.90833 | E35: 0.054527167 | F35: 14.757101 | G35: 48.134172 | H35: ='[1]ERF_best_aggregates_1750-2024'!AE136 -> -0.22299133 | I35: 340.43396 | Z35: =AA36-Z36 -> 14.374416 | AA35: =AB36-AA36 -> 1.1049574 | AB35: =AC36-AB36 -> 19.889233 | AC35: =AD36-AC36 -> 9.9446166 | AD35: =AE36-AD36 -> -509.30325
A36: 1885 | B36: -0.45813233 | C36: ='[1]ERF_best_aggregates_1750-2024'!AA137 -> 297.17879 | D36: 63.491667 | E36: 0.054673667 | F36: 14.922197 | G36: 50.271923 | H36: ='[1]ERF_best_aggregates_1750-2024'!AE137 -> -0.22729413 | I36: 340.40936 | L36: =M33/M34 -> 1.7097261 | Z36: =F169 -> 463.99003 | AA36: 478.36445 | AB36: 479.4694 | AC36: 499.35864 | AD36: 509.30325
A37: 1886 | B37: -0.4081737 | C37: ='[1]ERF_best_aggregates_1750-2024'!AA138 -> 297.57712 | D37: 36.433333 | E37: 0.052311525 | F37: 16.212654 | G37: 53.832246 | H37: ='[1]ERF_best_aggregates_1750-2024'!AE138 -> -0.22674831 | I37: 340.34473
A38: 1887 | B38: -0.48834157 | C38: ='[1]ERF_best_aggregates_1750-2024'!AA139 -> 298.06831 | D38: 37.108333 | E38: 0.057341585 | F38: 17.683049 | G38: 49.341672 | H38: ='[1]ERF_best_aggregates_1750-2024'!AE139 -> -0.23731968 | I38: 340.3168
A39: 1888 | B39: -0.37258717 | C39: ='[1]ERF_best_aggregates_1750-2024'!AA140 -> 298.64463 | D39: 21.858333 | E39: 0.05874657 | F39: 18.085829 | G39: 50.638702 | H39: ='[1]ERF_best_aggregates_1750-2024'!AE140 -> -0.26036188 | I39: 340.3016
A40: 1889 | B40: -0.250402 | C40: ='[1]ERF_best_aggregates_1750-2024'!AA141 -> 299.05599 | D40: 28.533333 | E40: 0.061829255 | F40: 17.171818 | G40: 49.728126 | H40: ='[1]ERF_best_aggregates_1750-2024'!AE141 -> -0.25676585 | I40: 340.30023 | L40: 1850 | M40: =L40+1 -> 1851 | N40: =M40+1 -> 1852 | O40: =N40+1 -> 1853 | P40: =O40+1 -> 1854 | Q40: =P40+1 -> 1855 | R40: =Q40+1 -> 1856 | S40: =R40+1 -> 1857 | T40: =S40+1 -> 1858 | ... GC40: =GB40+1 -> 2023
A41: 1890 | B41: -0.5002501 | C41: ='[1]ERF_best_aggregates_1750-2024'!AA142 -> 299.58899 | D41: 39.125 | E41: 0.062296785 | F41: 16.535898 | G41: 51.957317 | H41: ='[1]ERF_best_aggregates_1750-2024'!AE142 -> -0.27440501 | I41: 340.30221 | L41: 1360.7638 | M41: 1360.7661 | N41: 1360.7635 | O41: 1360.6677 | P41: 1360.5201 | Q41: 1360.4224 | R41: 1360.3945 | S41: 1360.4717 | T41: 1360.6649 | U41: 1360.8915 | V41: 1360.9705 | W41: 1360.8665 | X41: 1360.7474 | Y41: 1360.6658 | Z41: 1360.6586 | AA41: 1360.5726 | AB41: 1360.5129 | AC41: 1360.4227 | AD41: 1360.5715 | AE41: 1360.8141 | AF41: 1361.0688 | AG41: 1361.0037 | AH41: 1360.9293 | AI41: 1360.7247 | AJ41: 1360.5881 | AK41: 1360.4443 | AL41: 1360.4117 | AM41: 1360.4122 | AN41: 1360.3529 | AO41: 1360.3329 | AP41: 1360.4572 | AQ41: 1360.5952 | AR41: 1360.5134 | AS41: 1360.4916 | AT41: 1360.6516 | AU41: 1360.5322 | AV41: 1360.3662 | AW41: 1360.3097 | AX41: 1360.2631 | AY41: 1360.2515 | AZ41: 1360.2816 | BA41: 1360.5386 | BB41: 1360.6478 | BC41: 1360.8162 | BD41: 1360.9304 | BE41: 1360.7867 | BF41: 1360.5797 | BG41: 1360.4427 | BH41: 1360.4139 | BI41: 1360.3433 | BJ41: 1360.3202 | BK41: 1360.2567 | BL41: 1360.2842 | BM41: 1360.4728 | BN41: 1360.7462 | BO41: 1360.5734 | BP41: 1360.7678 | BQ41: 1360.6509 | BR41: 1360.7117 | BS41: 1360.5845 | BT41: 1360.4545 | BU41: 1360.3549 | BV41: 1360.3066 | BW41: 1360.3071 | BX41: 1360.4119 | BY41: 1360.7261 | BZ41: 1360.959 | CA41: 1361.1509 | CB41: 1361.1011 | CC41: 1360.839 | CD41: 1360.6461 | CE41: 1360.5411 | CF41: 1360.4413 | CG41: 1360.4375 | CH41: 1360.5037 | CI41: 1360.7192 | CJ41: 1360.8359 | CK41: 1361.0249 | CL41: 1360.8993 | CM41: 1360.8456 | CN41: 1360.8109 | CO41: 1360.6818 | CP41: 1360.5666 | CQ41: 1360.4906 | CR41: 1360.5598 | CS41: 1360.7996 | CT41: 1361.2286 | CU41: 1361.205 | CV41: 1361.1284 | CW41: 1361.0916 | CX41: 1360.9985 | CY41: 1360.9114 | CZ41: 1360.791 | DA41: 1360.6261 | DB41: 1360.673 | DC41: 1360.9412 | DD41: 1361.0884 | DE41: 1361.3927 | DF41: 1361.5063 | DG41: 1361.4088 | DH41: 1361.1179 | DI41: 1360.8497 | DJ41: 1360.8224 | DK41: 1360.6938 | DL41: 1360.7009 | DM41: 1360.8811 | DN41: 1361.4214 | DO41: 1361.9398 | DP41: 1361.861 | DQ41: 1361.5613 | DR41: 1361.4275 | DS41: 1360.9957 | DT41: 1360.7981 | DU41: 1360.7325 | DV41: 1360.7277 | DW41: 1360.774 | DX41: 1361.0021 | DY41: 1361.223 | DZ41: 1361.3037 | EA41: 1361.3771 | EB41: 1361.3759 | EC41: 1361.04 | ED41: 1361.1002 | EE41: 1360.8647 | EF41: 1360.771 | EG41: 1360.7155 | EH41: 1360.6946 | EI41: 1360.8905 | EJ41: 1361.2162 | EK41: 1361.6016 | EL41: 1361.6398 | EM41: 1361.6834 | EN41: 1361.2311 | EO41: 1361.2137 | EP41: 1360.7904 | EQ41: 1360.6331 | ER41: 1360.6417 | ES41: 1360.7828 | ET41: 1361.1195 | EU41: 1361.6433 | EV41: 1361.5521 | EW41: 1361.5178 | EX41: 1361.3082 | EY41: 1360.9427 | EZ41: 1360.7419 | FA41: 1360.7317 | FB41: 1360.6763 | FC41: 1360.8073 | FD41: 1361.1759 | FE41: 1361.48 | FF41: 1361.6603 | FG41: 1361.5686 | FH41: 1361.6332 | FI41: 1361.1283 | FJ41: 1360.918 | FK41: 1360.7004 | FL41: 1360.6796 | FM41: 1360.6039 | FN41: 1360.6097 | FO41: 1360.6066 | FP41: 1360.7854 | FQ41: 1361.069 | FR41: 1361.1926 | FS41: 1361.2631 | FT41: 1361.3862 | FU41: 1361.4098 | FV41: 1360.9519 | FW41: 1360.6597 | FX41: 1360.6387 | FY41: 1360.6492 | FZ41: 1360.7491 | GA41: 1360.9749 | GB41: 1361.4944 | GC41: =FT44 -> 1361.8057
A42: 1891 | B42: -0.3975334 | C42: ='[1]ERF_best_aggregates_1750-2024'!AA143 -> 299.95233 | D42: 29.975 | E42: 0.06830345 | F42: 15.380051 | G42: 50.066094 | H42: ='[1]ERF_best_aggregates_1750-2024'!AE143 -> -0.2731797 | I42: 340.37671 | L42: 1361.7836 | M42: 1361.7212 | N42: 1361.6762 | O42: 1361.5374 | P42: 1361.363 | Q42: 1361.1906 | R42: 1361.155 | S42: 1361.314 | T42: 1361.6183 | U42: 1361.8894 | V42: 1361.9712 | W42: 1361.8658 | X42: 1361.7765 | Y42: 1361.6113 | Z42: 1361.554 | AA42: 1361.4368 | AB42: 1361.3068 | AC42: 1361.2006 | AD42: 1361.4071 | AE42: 1361.6912 | AF42: 1362.048 | AG42: 1362.0317 | AH42: 1361.9713 | AI42: 1361.8027 | AJ42: 1361.5749 | AK42: 1361.3528 | AL42: 1361.2983 | AM42: 1361.3105 | AN42: 1361.1798 | AO42: 1361.2246 | AP42: 1361.4936 | AQ42: 1361.7493 | AR42: 1361.7172 | AS42: 1361.6727 | AT42: 1361.7358 | AU42: 1361.6374 | AV42: 1361.3789 | AW42: 1361.2672 | AX42: 1361.2064 | AY42: 1361.2009 | AZ42: 1361.2089 | BA42: 1361.5068 | BB42: 1361.8229 | BC42: 1361.9004 | BD42: 1361.8906 | BE42: 1361.7562 | BF42: 1361.5945 | BG42: 1361.339 | BH42: 1361.3961 | BI42: 1361.2694 | BJ42: 1361.2485 | BK42: 1361.1498 | BL42: 1361.1782 | BM42: 1361.3846 | BN42: 1361.6416 | BO42: 1361.6234 | BP42: 1361.7118 | BQ42: 1361.6744 | BR42: 1361.6483 | BS42: 1361.5477 | BT42: 1361.3435 | BU42: 1361.1946 | BV42: 1361.1765 | BW42: 1361.1562 | BX42: 1361.2395 | BY42: 1361.6466 | BZ42: 1361.7913 | CA42: 1362.1728 | CB42: 1362.041 | CC42: 1361.7353 | CD42: 1361.4721 | CE42: 1361.3773 | CF42: 1361.2399 | CG42: 1361.2076 | CH42: 1361.2931 | CI42: 1361.5048 | CJ42: 1361.6923 | CK42: 1361.8634 | CL42: 1361.8317 | CM42: 1361.6455 | CN42: 1361.5674 | CO42: 1361.4019 | CP42: 1361.2981 | CQ42: 1361.2361 | CR42: 1361.2887 | CS42: 1361.5372 | CT42: 1362.0519 | CU42: 1362.2073 | CV42: 1362.1183 | CW42: 1361.9939 | CX42: 1361.8455 | CY42: 1361.7234 | CZ42: 1361.5128 | DA42: 1361.3309 | DB42: 1361.318 | DC42: 1361.6186 | DD42: 1361.9385 | DE42: 1362.1898 | DF42: 1362.3061 | DG42: 1362.1644 | DH42: 1361.8707 | DI42: 1361.6533 | DJ42: 1361.4714 | DK42: 1361.3473 | DL42: 1361.2745 | DM42: 1361.4337 | DN42: 1361.9768 | DO42: 1362.4329 | DP42: 1362.4039 | DQ42: 1362.0961 | DR42: 1361.9429 | DS42: 1361.557 | DT42: 1361.3755 | DU42: 1361.3164 | DV42: 1361.2967 | DW42: 1361.3314 | DX42: 1361.5267 | DY42: 1361.7355 | DZ42: 1361.7905 | EA42: 1361.8584 | EB42: 1361.8505 | EC42: 1361.5586 | ED42: 1361.6414 | EE42: 1361.4154 | EF42: 1361.3394 | EG42: 1361.2781 | EH42: 1361.2561 | EI42: 1361.4288 | EJ42: 1361.8117 | EK42: 1362.1752 | EL42: 1362.2012 | EM42: 1362.2485 | EN42: 1361.8069 | EO42: 1361.8102 | EP42: 1361.4021 | EQ42: 1361.2557 | ER42: 1361.2617 | ES42: 1361.3965 | ET42: 1361.7025 | EU42: 1362.2012 | EV42: 1362.12 | EW42: 1362.0124 | EX42: 1361.8814 | EY42: 1361.6144 | EZ42: 1361.3957 | FA42: 1361.3113 | FB42: 1361.2351 | FC42: 1361.3572 | FD42: 1361.7025 | FE42: 1361.9731 | FF42: 1362.2537 | FG42: 1362.0814 | FH42: 1362.1906 | FI42: 1361.6907 | FJ42: 1361.4706 | FK42: 1361.2624 | FL42: 1361.2358 | FM42: 1361.1686 | FN42: 1361.1968 | FO42: 1361.191 | FP42: 1361.3396 | FQ42: 1361.6064 | FR42: 1361.7682 | FS42: 1361.813 | FT42: 1361.8887 | FU42: 1361.949 | FV42: 1361.4648 | FW42: 1361.2914 | FX42: 1361.2624 | FY42: 1361.2555 | FZ42: 1361.3228 | GA42: 1361.4894 | GB42: 1361.9811 | GC42: 1362.4476 | GD42: 1362.5648 | GE42: 1362.4159
A43: 1892 | B43: -0.506568 | C43: ='[1]ERF_best_aggregates_1750-2024'!AA144 -> 300.38331 | D43: 21.658333 | E43: 0.06902445 | F43: 13.8487 | G43: 54.553121 | H43: ='[1]ERF_best_aggregates_1750-2024'!AE144 -> -0.27249242 | I43: 340.45572
A44: 1893 | B44: -0.49494615 | C44: ='[1]ERF_best_aggregates_1750-2024'!AA145 -> 300.85807 | D44: 9.4416667 | E44: 0.067505503 | F44: 12.512436 | G44: 49.33589 | H44: ='[1]ERF_best_aggregates_1750-2024'!AE145 -> -0.27501676 | I44: 340.4751 | FG44: 2022 | FH44: =AVERAGE(FG46:FR46) -> 1361.4944 | FS44: 2023 | FT44: =SUM(FS46:GA46,FG46:FI46)/12 -> 1361.8057
A45: 1894 | B45: -0.47874618 | C45: ='[1]ERF_best_aggregates_1750-2024'!AA146 -> 301.45678 | D45: 3.5333333 | E45: 0.071696327 | F45: 15.250814 | G45: 51.153911 | H45: ='[1]ERF_best_aggregates_1750-2024'!AE146 -> -0.29329918 | I45: 340.47266
A46: 1895 | B46: -0.44183642 | C46: ='[1]ERF_best_aggregates_1750-2024'!AA147 -> 301.84123 | D46: 1.3666667 | E46: 0.069528025 | F46: 19.174388 | G46: 48.515118 | H46: ='[1]ERF_best_aggregates_1750-2024'!AE147 -> -0.29982717 | I46: 340.43906 | FG46: 1361.1995 | FH46: 1361.3514 | FI46: 1361.2739 | FJ46: 1361.3821 | FK46: 1361.6177 | FL46: 1361.6536 | FM46: 1361.3832 | FN46: 1361.4204 | FO46: 1361.6768 | FP46: 1361.7837 | FQ46: 1361.6949 | FR46: 1361.4956 | FS46: 1361.8085 | FT46: 1362.0032 | FU46: 1362.1991 | FV46: 1362.0405 | FW46: 1361.6742 | FX46: 1362.0344 | FY46: 1361.6509 | FZ46: 1362.2405 | GA46: 1362.1929
A47: 1896 | B47: -0.27859443 | C47: ='[1]ERF_best_aggregates_1750-2024'!AA148 -> 302.00342 | D47: 18.283333 | E47: 0.065904008 | F47: 22.765411 | G47: 58.411089 | H47: ='[1]ERF_best_aggregates_1750-2024'!AE148 -> -0.30061554 | I47: 340.39862
A48: 1897 | B48: -0.25465065 | C48: ='[1]ERF_best_aggregates_1750-2024'!AA149 -> 302.53224 | D48: 16.858333 | E48: 0.0690102 | F48: 25.369513 | G48: 51.211101 | H48: ='[1]ERF_best_aggregates_1750-2024'!AE149 -> -0.31843978 | I48: 340.33475
A49: 1898 | B49: -0.4740416 | C49: ='[1]ERF_best_aggregates_1750-2024'!AA150 -> 302.96243 | D49: 12.116667 | E49: 0.067682073 | F49: 30.661798 | G49: 48.897539 | H49: ='[1]ERF_best_aggregates_1750-2024'!AE150 -> -0.32942573 | I49: 340.34903
A50: 1899 | B50: -0.34430692 | C50: ='[1]ERF_best_aggregates_1750-2024'!AA151 -> 303.48696 | D50: 4.5583333 | E50: 0.065186542 | F50: 32.826909 | G50: 47.410651 | H50: ='[1]ERF_best_aggregates_1750-2024'!AE151 -> -0.35606618 | I50: 340.31735
A51: 1900 | B51: -0.2301605 | C51: ='[1]ERF_best_aggregates_1750-2024'!AA152 -> 303.95016 | D51: 1.7583333 | E51: 0.066774427 | F51: 29.906303 | G51: 55.610861 | H51: ='[1]ERF_best_aggregates_1750-2024'!AE152 -> -0.36637709 | I51: 340.31214
A52: 1901 | B52: -0.28715286 | C52: ='[1]ERF_best_aggregates_1750-2024'!AA153 -> 304.41617 | D52: 0.74166667 | E52: 0.06620162 | F52: 24.750119 | G52: 50.779745 | H52: ='[1]ERF_best_aggregates_1750-2024'!AE153 -> -0.37226927 | I52: 340.28744
A53: 1902 | B53: -0.43739372 | C53: ='[1]ERF_best_aggregates_1750-2024'!AA154 -> 304.84965 | D53: 20.2 | E53: 0.065893323 | F53: 16.52974 | G53: 48.623297 | H53: ='[1]ERF_best_aggregates_1750-2024'!AE154 -> -0.37729048 | I53: 340.29456
A54: 1903 | B54: -0.53521234 | C54: ='[1]ERF_best_aggregates_1750-2024'!AA155 -> 305.32464 | D54: 71.516667 | E54: 0.061378365 | F54: 6.202032 | G54: 50.851572 | H54: ='[1]ERF_best_aggregates_1750-2024'!AE155 -> -0.39337625 | I54: 340.34616
A55: 1904 | B55: -0.5970666 | C55: ='[1]ERF_best_aggregates_1750-2024'!AA156 -> 306.02582 | D55: 31.791667 | E55: 0.06360692 | F55: -2.972809 | G55: 53.647177 | H55: ='[1]ERF_best_aggregates_1750-2024'!AE156 -> -0.41026947 | I55: 340.4104
A56: 1905 | B56: -0.4059443 | C56: ='[1]ERF_best_aggregates_1750-2024'!AA157 -> 306.69853 | D56: 12.575 | E56: 0.059401745 | F56: -10.435316 | G56: 46.205308 | H56: ='[1]ERF_best_aggregates_1750-2024'!AE157 -> -0.43037103 | I56: 340.40585
A57: 1906 | B57: -0.3153704 | C57: ='[1]ERF_best_aggregates_1750-2024'!AA158 -> 307.3397 | D57: 7.25 | E57: 0.06074528 | F57: -17.45549 | G57: 54.434851 | H57: ='[1]ERF_best_aggregates_1750-2024'!AE158 -> -0.44677645 | I57: 340.42795
A58: 1907 | B58: -0.49948096 | C58: ='[1]ERF_best_aggregates_1750-2024'!AA159 -> 308.30163 | D58: 9.2 | E58: 0.05924421 | F58: -21.520154 | G58: 47.731118 | H58: ='[1]ERF_best_aggregates_1750-2024'!AE159 -> -0.48977805 | I58: 340.41861
... A109: 1958 | B109: -0.01647502 | C109: ='[1]ERF_best_aggregates_1750-2024'!AA210 -> 345.21389 | D109: 0.25 | E109: 0.032122699 | F109: 147.99471 | G109: 41.305689 | H109: ='[1]ERF_best_aggregates_1750-2024'!AE210 -> -0.88722566 | I109: 340.60098
A110: 1959 | B110: -0.046526894 | C110: ='[1]ERF_best_aggregates_1750-2024'!AA211 -> 346.47614 | D110: 0.2 | E110: 0.032763928 | F110: 158.04931 | G110: 37.915106 | H110: ='[1]ERF_best_aggregates_1750-2024'!AE211 -> -0.91216968 | I110: 340.52402 | L110: 1959 | M110: 315.98 | N110: 0.12
A111: 1960 | B111: -0.11337057 | C111: ='[1]ERF_best_aggregates_1750-2024'!AA212 -> 348.21521 | D111: 4.6166667 | E111: 0.02774339 | F111: 166.67939 | G111: 38.643114 | H111: ='[1]ERF_best_aggregates_1750-2024'!AE212 -> -0.94863442 | I111: 340.48572 | L111: 1960 | M111: 316.91 | N111: 0.12 | AI111: 0 | AJ111: 22.214909
A112: 1961 | B112: -0.014400931 | C112: ='[1]ERF_best_aggregates_1750-2024'!AA213 -> 349.8307 | D112: 10.775 | E112: 0.025186209 | F112: 170.15124 | G112: 38.403932 | H112: ='[1]ERF_best_aggregates_1750-2024'!AE213 -> -0.98457942 | I112: 340.38925 | L112: 1961 | M112: 317.64 | N112: 0.12 | AI112: 15.734117 | AJ112: 21.842027
A113: 1962 | B113: -0.05883604 | C113: ='[1]ERF_best_aggregates_1750-2024'!AA214 -> 351.53624 | D113: 13.25 | E113: 0.026867504 | F113: 170.21562 | G113: 38.867451 | H113: ='[1]ERF_best_aggregates_1750-2024'!AE214 -> -0.99164121 | I113: 340.34387 | L113: 1962 | M113: 318.45 | N113: 0.12 | AI113: 28.681606 | AJ113: 17.583783
A114: 1963 | B114: -0.031402845 | C114: ='[1]ERF_best_aggregates_1750-2024'!AA215 -> 354.21351 | D114: 45.966667 | E114: 0.026330818 | F114: 166.12664 | G114: 39.016264 | H114: ='[1]ERF_best_aggregates_1750-2024'!AE215 -> -1.0605193 | I114: 340.3291 | L114: 1963 | M114: 318.99 | N114: 0.12 | AI114: 21.137104 | AJ114: 15.711541
A115: 1964 | B115: -0.30211917 | C115: ='[1]ERF_best_aggregates_1750-2024'!AA216 -> 355.76522 | D115: 71.691667 | E115: 0.023590497 | F115: 163.16833 | G115: 39.950174 | H115: ='[1]ERF_best_aggregates_1750-2024'!AE216 -> -1.0544704 | I115: 340.32419 | L115: 1964 | M115: 319.62 | N115: 0.12 | AI115: 9.803075 | AJ115: 23.468666
A116: 1965 | B116: -0.2022982 | C116: ='[1]ERF_best_aggregates_1750-2024'!AA217 -> 357.65809 | D116: 43.183333 | E116: 0.025963962 | F116: 160.95305 | G116: 36.976562 | H116: ='[1]ERF_best_aggregates_1750-2024'!AE217 -> -1.0792286 | I116: 340.33285 | L116: 1965 | M116: 320.04 | N116: 0.12 | AI116: -0.31271192 | AJ116: 1.8352139
A117: 1966 | B117: -0.14536367 | C117: ='[1]ERF_best_aggregates_1750-2024'!AA218 -> 359.97184 | D117: 23.233333 | E117: 0.024799858 | F117: 159.30754 | G117: 40.128589 | H117: ='[1]ERF_best_aggregates_1750-2024'!AE218 -> -1.0941977 | I117: 340.38168 | L117: 1966 | M117: 321.37 | N117: 0.12 | AI117: 14.841216 | AJ117: 5.7206475
A118: 1967 | B118: -0.11570757 | C118: ='[1]ERF_best_aggregates_1750-2024'!AA219 -> 362.29571 | D118: 14.5 | E118: 0.02238732 | F118: 161.72691 | G118: 40.475253 | H118: ='[1]ERF_best_aggregates_1750-2024'!AE219 -> -1.1205408 | I118: 340.43387 | L118: 1967 | M118: 322.18 | N118: 0.12 | AI118: 2.6593575 | AJ118: 16.296501
A119: 1968 | B119: -0.16396339 | C119: ='[1]ERF_best_aggregates_1750-2024'!AA220 -> 364.70633 | D119: 27.408333 | E119: 0.023177323 | F119: 170.2651 | G119: 39.266279 | H119: ='[1]ERF_best_aggregates_1750-2024'!AE220 -> -1.1405993 | I119: 340.44763 | L119: 1968 | M119: 323.05 | N119: 0.12 | AI119: -18.206936 | AJ119: 14.74874
A120: 1969 | B120: -0.027795328 | C120: ='[1]ERF_best_aggregates_1750-2024'!AA221 -> 367.15794 | D120: 34.4 | E120: 0.020196911 | F120: 173.85688 | G120: 39.494076 | H120: ='[1]ERF_best_aggregates_1750-2024'!AE221 -> -1.1591442 | I120: 340.4646 | L120: 1969 | M120: 324.62 | N120: 0.12 | AI120: -6.6342525 | AJ120: 18.177933
A121: 1970 | B121: -0.0840156 | C121: ='[1]ERF_best_aggregates_1750-2024'!AA222 -> 371.26376 | D121: 16.566667 | E121: 0.019164751 | F121: 174.00965 | G121: 25.001082 | H121: ='[1]ERF_best_aggregates_1750-2024'!AE222 -> -1.2258124 | I121: 340.46262 | L121: 1970 | M121: 325.68 | N121: 0.12 | R121: -103.083 | T121: 26.357311 | AH121: =AVERAGE(F$111:F$120)-AVERAGE(AI$111:AI$120)+AI121 -> 149.89221 | AI121: -9.582597 | AJ121: 11.22044
A122: 1971 | B122: -0.20408149 | C122: ='[1]ERF_best_aggregates_1750-2024'!AA223 -> 374.03349 | D122: 6.4833333 | E122: 0.019112115 | F122: 176.92966 | G122: 25.240618 | H122: ='[1]ERF_best_aggregates_1750-2024'!AE223 -> -1.2356881 | I122: 340.38965 | L122: 1971 | M122: 326.32 | N122: 0.12 | R122: -52.056915 | T122: 23.230507 | AH122: =AVERAGE(F$111:F$120)-AVERAGE(AI$111:AI$120)+AI122 -> 168.90034 | AI122: 9.4255295 | AJ122: 7.6633052
A123: 1972 | B123: -0.09017859 | C123: ='[1]ERF_best_aggregates_1750-2024'!AA224 -> 379.10036 | D123: 3.925 | E123: 0.01843867 | F123: 177.00977 | G123: 25.880512 | H123: ='[1]ERF_best_aggregates_1750-2024'!AE224 -> -1.3046465 | I123: 340.41034 | L123: 1972 | M123: 327.46 | N123: 0.12 | R123: -70.611855 | T123: 23.430041 | AH123: =AVERAGE(F$111:F$120)-AVERAGE(AI$111:AI$120)+AI123 -> 168.86858 | AI123: 9.39377 | AJ123: 11.512725
A124: 1973 | B124: 0.05247674 | C124: ='[1]ERF_best_aggregates_1750-2024'!AA225 -> 383.33067 | D124: 7.7916667 | E124: 0.019014436 | F124: 172.98574 | G124: 26.163758 | H124: ='[1]ERF_best_aggregates_1750-2024'!AE225 -> -1.308264 | I124: 340.35385 | L124: 1973 | M124: 329.68 | N124: 0.12 | R124: -86.074305 | T124: 23.932762 | AH124: =AVERAGE(F$111:F$120)-AVERAGE(AI$111:AI$120)+AI124 -> 174.41267 | AI124: 14.937863 | AJ124: 14.864441
A125: 1974 | B125: -0.16868283 | C125: ='[1]ERF_best_aggregates_1750-2024'!AA226 -> 385.79942 | D125: 12.708333 | E125: 0.019099613 | F125: 171.97073 | G125: 26.129288 | H125: ='[1]ERF_best_aggregates_1750-2024'!AE226 -> -1.300443 | I125: 340.33484 | L125: 1974 | M125: 330.19 | N125: 0.12 | R125: -66.488535 | S125: =AVERAGE(R121:R130) -> -56.077152 | T125: 25.752025 | AH125: =AVERAGE(F$111:F$120)-AVERAGE(AI$111:AI$120)+AI125 -> 186.25611 | AI125: 26.781303 | AJ125: 20.899743
A126: 1975 | B126: -0.10597365 | C126: ='[1]ERF_best_aggregates_1750-2024'!AA227 -> 387.30995 | D126: 30.125 | E126: 0.018759545 | F126: 175.8085 | G126: 25.307863 | H126: ='[1]ERF_best_aggregates_1750-2024'!AE227 -> -1.2811368 | I126: 340.31952 | L126: 1975 | M126: 331.13 | N126: 0.12 | R126: -36.594465 | T126: 27.613358 | AH126: =AVERAGE(F$111:F$120)-AVERAGE(AI$111:AI$120)+AI126 -> 199.99865 | AI126: 40.523838 | AJ126: 15.44209
A127: 1976 | B127: -0.21080548 | C127: ='[1]ERF_best_aggregates_1750-2024'!AA228 -> 390.84123 | D127: 13.625 | E127: 0.020603552 | F127: 180.62356 | G127: 24.080274 | H127: ='[1]ERF_best_aggregates_1750-2024'!AE228 -> -1.3487509 | I127: 340.31403 | L127: 1976 | M127: 332.03 | N127: 0.12 | R127: -27.316995 | T127: 27.129831 | AH127: =AVERAGE(F$111:F$120)-AVERAGE(AI$111:AI$120)+AI127 -> 190.81502 | AI127: 31.340206 | AJ127: 17.157078
A128: 1977 | B128: 0.10509554 | C128: ='[1]ERF_best_aggregates_1750-2024'!AA229 -> 395.17725 | D128: 5.0916667 | E128: 0.021061669 | F128: 187.51975 | G128: 24.397352 | H128: ='[1]ERF_best_aggregates_1750-2024'!AE229 -> -1.3575387 | I128: 340.35721 | L128: 1977 | M128: 333.84 | N128: 0.12 | R128: -30.9249 | T128: 25.929496 | Z128: GloSSAC | AH128: =AVERAGE(F$111:F$120)-AVERAGE(AI$111:AI$120)+AI128 -> 205.35727 | AI128: 45.882458 | AJ128: 28.893605
A129: 1978 | B129: 0.005504774 | C129: ='[1]ERF_best_aggregates_1750-2024'!AA230 -> 399.52202 | D129: 7.5416667 | E129: 0.019832049 | F129: 200.02892 | G129: 26.478678 | H129: ='[1]ERF_best_aggregates_1750-2024'!AE230 -> -1.3764042 | I129: 340.45291 | L129: 1978 | M129: 335.41 | N129: 0.12 | R129: -42.779445 | T129: 24.075235 | AH129: =AVERAGE(F$111:F$120)-AVERAGE(AI$111:AI$120)+AI129 -> 216.82855 | AI129: 57.353737 | AJ129: 34.6955
A130: 1979 | B130: 0.0881039 | C130: ='[1]ERF_best_aggregates_1750-2024'!AA231 -> 403.61964 | D130: =Z130*0.897 -> 4.909281 | E130: 0.014426632 | F130: 214.22823 | G130: 24.964443 | H130: ='[1]ERF_best_aggregates_1750-2024'!AE231 -> -1.3987924 | I130: 340.54379 | L130: 1979 | M130: 336.84 | N130: 0.12 | R130: -44.841105 | T130: 22.52879 | Z130: 5.473 | AH130: =AVERAGE(F$111:F$120)-AVERAGE(AI$111:AI$120)+AI130 -> 202.38275 | AI130: 42.907936 | AJ130: 22.654449
A131: 1980 | B131: 0.1915224 | C131: ='[1]ERF_best_aggregates_1750-2024'!AA232 -> 407.61724 | D131: =Z131*0.897 -> 6.851286 | E131: 0.016284183 | F131: 224.42046 | G131: 26.393549 | H131: ='[1]ERF_best_aggregates_1750-2024'!AE232 -> -1.3939243 | I131: 340.55029 | L131: 1980 | M131: 338.76 | N131: 0.12 | Q131: =AVERAGE(F$121:F$130)-AVERAGE(R$121:R$130)+R131 -> 254.65105 | R131: 15.46245 | T131: 21.81246 | V131: =SQRT(T131^2+G131^2/4) -> 25.493887 | Z131: 7.638 | AH131: =AVERAGE(F$111:F$120)-AVERAGE(AI$111:AI$120)+AI131 -> 227.23469 | AI131: 67.75988 | AJ131: 30.259973
A132: 1981 | B132: 0.24696657 | C132: ='[1]ERF_best_aggregates_1750-2024'!AA233 -> 410.33136 | D132: =Z132*0.897 -> 8.419242 | E132: 0.015620055 | F132: 229.07346 | G132: 26.34393 | H132: ='[1]ERF_best_aggregates_1750-2024'!AE233 -> -1.3544365 | I132: 340.56214 | L132: 1981 | M132: 340.12 | N132: 0.12 | Q132: =AVERAGE(F$121:F$130)-AVERAGE(R$121:R$130)+R132 -> 220.63366 | R132: -18.55494 | T132: 22.64118 | V132: =SQRT(T132^2+G132^2/4) -> 26.193963 | Z132: 9.386 | AH132: =AVERAGE(F$111:F$120)-AVERAGE(AI$111:AI$120)+AI132 -> 223.42373 | AI132: 63.948917 | AJ132: 20.593823
A133: 1982 | B133: 0.030967088 | C133: ='[1]ERF_best_aggregates_1750-2024'!AA234 -> 414.13796 | D133: =Z133*0.897 -> 25.97712 | E133: 0.020248185 | F133: 234.39847 | G133: 26.269539 | H133: ='[1]ERF_best_aggregates_1750-2024'!AE234 -> -1.3929827 | I133: 340.45172 | L133: 1982 | M133: 341.48 | N133: 0.12 | Q133: =AVERAGE(F$121:F$130)-AVERAGE(R$121:R$130)+R133 -> 201.56331 | R133: -37.625295 | T133: 20.781803 | V133: =SQRT(T133^2+G133^2/4) -> 24.58466 | Z133: 28.96 | AH133: =AVERAGE(F$111:F$120)-AVERAGE(AI$111:AI$120)+AI133 -> 203.56682 | AI133: 44.092007 | AJ133: 9.4738097
A134: 1983 | B134: 0.22084606 | C134: ='[1]ERF_best_aggregates_1750-2024'!AA235 -> 416.20126 | D134: =Z134*0.897 -> 43.255134 | E134: 0.017762305 | F134: 235.26143 | G134: 25.639737 | H134: ='[1]ERF_best_aggregates_1750-2024'!AE235 -> -1.3100576 | I134: 340.45254 | L134: 1983 | M134: 343.15 | N134: 0.12 | Q134: =AVERAGE(F$121:F$130)-AVERAGE(R$121:R$130)+R134 -> 168.57675 | R134: -70.611855 | T134: 19.856877 | V134: =SQRT(T134^2+G134^2/4) -> 23.635663 | Z134: 48.222 | AH134: =AVERAGE(F$111:F$120)-AVERAGE(AI$111:AI$120)+AI134 -> 196.16605 | AI134: 36.69124 | AJ134: 14.205246
A135: 1984 | B135: 0.04603783 | C135: ='[1]ERF_best_aggregates_1750-2024'!AA236 -> 420.3284 | D135: =Z135*0.897 -> 25.451478 | E135: 0.016992838 | F135: 235.105 | G135: 25.283627 | H135: ='[1]ERF_best_aggregates_1750-2024'!AE236 -> -1.3375005 | I135: 340.35053 | L135: 1984 | M135: 344.87 | N135: 0.12 | Q135: =AVERAGE(F$121:F$130)-AVERAGE(R$121:R$130)+R135 -> 187.6471 | R135: -51.5415 | T135: 21.267561 | V135: =SQRT(T135^2+G135^2/4) -> 24.741152 | Z135: 28.374 | AH135: =AVERAGE(F$111:F$120)-AVERAGE(AI$111:AI$120)+AI135 -> 210.22692 | AI135: 50.75211 | AJ135: 32.2943
A136: 1985 | B136: 0.045988217 | C136: ='[1]ERF_best_aggregates_1750-2024'!AA237 -> 424.08753 | D136: =Z136*0.897 -> 12.705108 | E136: 0.016537193 | F136: 238.01264 | G136: 25.716423 | H136: ='[1]ERF_best_aggregates_1750-2024'!AE237 -> -1.3503052 | I136: 340.31394 | L136: 1985 | M136: 346.35 | N136: 0.12 | Q136: =AVERAGE(F$121:F$130)-AVERAGE(R$121:R$130)+R136 -> 224.75698 | R136: -14.43162 | T136: 19.97246 | V136: =SQRT(T136^2+G136^2/4) -> 23.753584 | Z136: 14.164 | AH136: =AVERAGE(F$111:F$120)-AVERAGE(AI$111:AI$120)+AI136 -> 220.14608 | AI136: 60.67127 | AJ136: 26.224787
A137: 1986 | B137: 0.09232101 | C137: ='[1]ERF_best_aggregates_1750-2024'!AA238 -> 428.26103 | D137: =Z137*0.897 -> 14.297283 | E137: 0.016175331 | F137: 246.14991 | G137: 25.471305 | H137: ='[1]ERF_best_aggregates_1750-2024'!AE238 -> -1.3520386 | I137: 340.31543 | L137: 1986 | M137: 347.61 | N137: 0.12 | Q137: =AVERAGE(F$121:F$130)-AVERAGE(R$121:R$130)+R137 -> 193.31667 | R137: -45.871935 | T137: 19.670891 | V137: =SQRT(T137^2+G137^2/4) -> 23.433753 | Z137: 15.939 | AH137: =AVERAGE(F$111:F$120)-AVERAGE(AI$111:AI$120)+AI137 -> 230.80404 | AI137: 71.32923 | AJ137: 13.81103
A138: 1987 | B138: 0.23820166 | C138: ='[1]ERF_best_aggregates_1750-2024'!AA239 -> 432.7488 | D138: =Z138*0.897 -> 9.701952 | E138: 0.01536689 | F138: 252.45115 | G138: 24.145945 | H138: ='[1]ERF_best_aggregates_1750-2024'!AE239 -> -1.3933681 | I138: 340.34912 | L138: 1987 | M138: 349.31 | N138: 0.12 | Q138: =AVERAGE(F$121:F$130)-AVERAGE(R$121:R$130)+R138 -> 159.29928 | R138: -79.889325 | T138: 16.996485 | V138: =SQRT(T138^2+G138^2/4) -> 20.847954 | Z138: 10.816 | AH138: =AVERAGE(F$111:F$120)-AVERAGE(AI$111:AI$120)+AI138 -> 220.88096 | AI138: 61.406147 | AJ138: 15.746565
A139: 1988 | B139: 0.27761188 | C139: ='[1]ERF_best_aggregates_1750-2024'!AA240 -> 438.45708 | D139: =Z139*0.897 -> 7.109622 | E139: 0.017482005 | F139: 260.93968 | G139: 24.556968 | H139: ='[1]ERF_best_aggregates_1750-2024'!AE240 -> -1.4007633 | I139: 340.42563 | L139: 1988 | M139: 351.69 | N139: 0.12 | Q139: =AVERAGE(F$121:F$130)-AVERAGE(R$121:R$130)+R139 -> 183.52378 | R139: -55.66482 | T139: 18.933791 | V139: =SQRT(T139^2+G139^2/4) -> 22.56656 | Z139: 7.926 | AH139: =AVERAGE(F$111:F$120)-AVERAGE(AI$111:AI$120)+AI139 -> 226.98277 | AI139: 67.507965 | AJ139: 16.130304
A140: 1989 | B140: 0.17489623 | C140: ='[1]ERF_best_aggregates_1750-2024'!AA241 -> 442.54919 | D140: =Z140*0.897 -> 5.383794 | E140: 0.017683965 | F140: 270.28614 | G140: 26.405666 | H140: ='[1]ERF_best_aggregates_1750-2024'!AE241 -> -1.3841314 | I140: 340.55029 | L140: 1989 | M140: 353.2 | N140: 0.12 | Q140: =AVERAGE(F$121:F$130)-AVERAGE(R$121:R$130)+R140 -> 190.22418 | R140: -48.964425 | T140: 20.234121 | V140: =SQRT(T140^2+G140^2/4) -> 24.160597 | Z140: 6.002 | AH140: =AVERAGE(F$111:F$120)-AVERAGE(AI$111:AI$120)+AI140 -> 224.23902 | AI140: 64.76421 | AJ140: 18.036156
A141: 1990 | B141: 0.35504323 | C141: ='[1]ERF_best_aggregates_1750-2024'!AA242 -> 446.0399 | D141: =Z141*0.897 -> 5.701332 | E141: 0.017601675 | F141: 275.88284 | G141: 24.162634 | H141: ='[1]ERF_best_aggregates_1750-2024'!AE242 -> -1.3994066 | I141: 340.53 | L141: 1990 | M141: 354.45 | N141: 0.12 | Q141: =AVERAGE(F$121:F$130)-AVERAGE(R$121:R$130)+R141 -> 174.24631 | R141: -64.94229 | T141: 18.705287 | V141: =SQRT(T141^2+G141^2/4) -> 22.267599 | Z141: 6.356 | AH141: =AVERAGE(F$111:F$120)-AVERAGE(AI$111:AI$120)+AI141 -> 221.60762 | AI141: 62.132812 | AJ141: 18.856047
A142: 1991 | B142: 0.3338096 | C142: ='[1]ERF_best_aggregates_1750-2024'!AA243 -> 452.02318 | D142: =Z142*0.897 -> 44.859867 | E142: 0.017801807 | F142: 276.58821 | G142: 25.433071 | H142: ='[1]ERF_best_aggregates_1750-2024'!AE243 -> -1.4888914 | I142: 340.50311 | L142: 1991 | M142: 355.7 | N142: 0.12 | Q142: =AVERAGE(F$121:F$130)-AVERAGE(R$121:R$130)+R142 -> 209.80995 | R142: -29.378655 | T142: 19.648979 | V142: =SQRT(T142^2+G142^2/4) -> 23.404971 | Z142: 50.011 | AH142: =AVERAGE(F$111:F$120)-AVERAGE(AI$111:AI$120)+AI142 -> 245.13571 | AI142: 85.6609 | AJ142: 16.490279
A143: 1992 | B143: 0.12002608 | C143: ='[1]ERF_best_aggregates_1750-2024'!AA244 -> 451.44807 | D143: =Z143*0.897 -> 100.84702 | E143: 0.0167813 | F143: 279.07423 | G143: 28.731781 | H143: ='[1]ERF_best_aggregates_1750-2024'!AE244 -> -1.3330233 | I143: 340.47034 | L143: 1992 | M143: 356.54 | N143: 0.12 | Q143: =AVERAGE(F$121:F$130)-AVERAGE(R$121:R$130)+R143 -> 198.47082 | R143: -40.717785 | T143: 18.832031 | V143: =SQRT(T143^2+G143^2/4) -> 23.685949 | Z143: 112.427 | AD143: -200.625 | AE143: 16.95485 | AH143: =AVERAGE(F$111:F$120)-AVERAGE(AI$111:AI$120)+AI143 -> 244.34035 | AI143: 84.86554 | AJ143: 8.991684
A144: 1993 | B144: 0.16109136 | C144: ='[1]ERF_best_aggregates_1750-2024'!AA245 -> 453.81361 | D144: =Z144*0.897 -> 50.434722 | E144: 0.019168385 | F144: 282.20069 | G144: 23.850376 | H144: ='[1]ERF_best_aggregates_1750-2024'!AE245 -> -1.34067 | I144: 340.40359 | L144: 1993 | M144: 357.21 | N144: 0.12 | Q144: =AVERAGE(F$121:F$130)-AVERAGE(R$121:R$130)+R144 -> 201.04789 | R144: -38.14071 | T144: 16.539705 | V144: =SQRT(T144^2+G144^2/4) -> 20.390487 | Z144: 56.226 | AD144: -205.975 | AE144: 14.968991 | AH144: =AVERAGE(F$111:F$120)-AVERAGE(AI$111:AI$120)+AI144 -> 258.9457 | AI144: 99.470894 | AJ144: 12.26503
A145: 1994 | B145: 0.22744027 | C145: ='[1]ERF_best_aggregates_1750-2024'!AA246 -> 458.52619 | D145: =Z145*0.897 -> 16.094871 | E145: 0.01819119 | F145: 286.93273 | G145: 23.981631 | H145: ='[1]ERF_best_aggregates_1750-2024'!AE246 -> -1.3979867 | I145: 340.34894 | L145: 1994 | M145: 358.96 | N145: 0.12 | Q145: =AVERAGE(F$121:F$130)-AVERAGE(R$121:R$130)+R145 -> 199.50165 | R145: -39.686955 | T145: 16.676448 | V145: =SQRT(T145^2+G145^2/4) -> 20.539805 | Z145: 17.943 | AD145: -180.94167 | AE145: 14.161112 | AH145: =AVERAGE(F$111:F$120)-AVERAGE(AI$111:AI$120)+AI145 -> 265.77335 | AI145: 106.29855 | AJ145: 10.591861
A146: 1995 | B146: 0.37113267 | C146: ='[1]ERF_best_aggregates_1750-2024'!AA247 -> 461.14861 | D146: =Z146*0.897 -> 7.83081 | E146: 0.016589598 | F146: 296.39127 | G146: 25.697915 | H146: ='[1]ERF_best_aggregates_1750-2024'!AE247 -> -1.3272116 | I146: 340.32782 | L146: 1995 | M146: 360.97 | N146: 0.12 | Q146: =AVERAGE(F$121:F$130)-AVERAGE(R$121:R$130)+R146 -> 168.06133 | R146: -71.12727 | T146: 16.023333 | V146: =SQRT(T146^2+G146^2/4) -> 20.538815 | Z146: 8.73 | AD146: -178.85833 | AE146: 13.839845 | AH146: =AVERAGE(F$111:F$120)-AVERAGE(AI$111:AI$120)+AI146 -> 250.51896 | AI146: 91.04415 | AJ146: 15.098785
A147: 1996 | B147: 0.2708395 | C147: ='[1]ERF_best_aggregates_1750-2024'!AA248 -> 463.84246 | D147: =Z147*0.897 -> 5.007951 | E147: 0.016127013 | F147: 312.10352 | G147: 25.636693 | H147: ='[1]ERF_best_aggregates_1750-2024'!AE248 -> -1.2894381 | I147: 340.30878 | L147: 1996 | M147: 362.74 | N147: 0.12 | Q147: =AVERAGE(F$121:F$130)-AVERAGE(R$121:R$130)+R147 -> 214.44868 | R147: -24.73992 | T147: 17.065556 | V147: =SQRT(T147^2+G147^2/4) -> 21.343458 | Z147: 5.583 | AD147: -155.025 | AE147: 14.456964 | AH147: =AVERAGE(F$111:F$120)-AVERAGE(AI$111:AI$120)+AI147 -> 279.46239 | AI147: 119.98758 | AJ147: 13.267319
A148: 1997 | B148: 0.41507134 | C148: ='[1]ERF_best_aggregates_1750-2024'!AA249 -> 469.84688 | D148: =Z148*0.897 -> 4.06341 | E148: 0.016238032 | F148: 325.80344 | G148: 25.646369 | H148: ='[1]ERF_best_aggregates_1750-2024'!AE249 -> -1.4272693 | I148: 340.33929 | L148: 1997 | M148: 363.88 | N148: 0.12 | Q148: =AVERAGE(F$121:F$130)-AVERAGE(R$121:R$130)+R148 -> 205.17121 | R148: -34.01739 | T148: 16.533776 | V148: =SQRT(T148^2+G148^2/4) -> 20.923666 | Z148: 4.53 | AC148: =AVERAGE(F$143:F$147)-AVERAGE(AD$143:AD$147)+AD148 -> 310.60049 | AD148: -165.025 | AE148: 14.642048 | AH148: =AVERAGE(F$111:F$120)-AVERAGE(AI$111:AI$120)+AI148 -> 276.00175 | AI148: 116.52694 | AJ148: 1.139891
A149: 1998 | B149: 0.571961 | C149: ='[1]ERF_best_aggregates_1750-2024'!AA250 -> 473.58751 | D149: =Z149*0.897 -> 3.967431 | E149: 0.016523115 | F149: 334.27249 | G149: 26.810634 | H149: ='[1]ERF_best_aggregates_1750-2024'!AE250 -> -1.4063952 | I149: 340.42563 | L149: 1998 | M149: 366.84 | N149: 0.12 | Q149: =AVERAGE(F$121:F$130)-AVERAGE(R$121:R$130)+R149 -> 242.79651 | R149: 3.607905 | T149: 16.519291 | V149: =SQRT(T149^2+G149^2/4) -> 21.274151 | Z149: 4.423 | AC149: =AVERAGE(F$143:F$147)-AVERAGE(AD$143:AD$147)+AD149 -> 328.09216 | AD149: -147.53333 | AE149: 13.82846 | AH149: =AVERAGE(F$111:F$120)-AVERAGE(AI$111:AI$120)+AI149 -> 276.81549 | AI149: 117.34068 | AJ149: 13.383672
A150: 1999 | B150: 0.3180378 | C150: ='[1]ERF_best_aggregates_1750-2024'!AA251 -> 474.87862 | D150: =Z150*0.897 -> 3.81225 | E150: 0.016307562 | F150: 341.25049 | G150: 23.972168 | H150: ='[1]ERF_best_aggregates_1750-2024'!AE251 -> -1.2663618 | I150: 340.49329 | L150: 1999 | M150: 368.54 | N150: 0.12 | Q150: =AVERAGE(F$121:F$130)-AVERAGE(R$121:R$130)+R150 -> 257.22813 | R150: 18.039525 | T150: 17.527895 | V150: =SQRT(T150^2+G150^2/4) -> 21.234248 | Z150: 4.25 | AC150: =AVERAGE(F$143:F$147)-AVERAGE(AD$143:AD$147)+AD150 -> 349.08382 | AD150: -126.54167 | AE150: 14.391235 | AH150: =AVERAGE(F$111:F$120)-AVERAGE(AI$111:AI$120)+AI150 -> 294.79283 | AI150: 135.31802 | AJ150: 5.0071676
A151: 2000 | B151: 0.32550883 | C151: ='[1]ERF_best_aggregates_1750-2024'!AA252 -> 476.28732 | D151: =Z151*0.897 -> 3.80328 | E151: 0.016370008 | F151: 348.03345 | G151: 25.699831 | H151: ='[1]ERF_best_aggregates_1750-2024'!AE252 -> -1.2185728 | I151: 340.56342 | K151: =C151/M151 -> 1.2882727 | L151: 2000 | M151: 369.71 | N151: 0.12 | P151: =AVERAGE(F$141:F$150)-AVERAGE(R$141:R$150)+R151 -> 338.3145 | Q151: =AVERAGE(F$121:F$130)-AVERAGE(R$121:R$130)+R151 -> 244.34275 | R151: 5.15415 | T151: 18.661095 | V151: =SQRT(T151^2+G151^2/4) -> 22.657378 | Z151: 4.24 | AC151: =AVERAGE(F$143:F$147)-AVERAGE(AD$143:AD$147)+AD151 -> 348.09216 | AD151: -127.53333 | AE151: 13.958593 | AH151: =AVERAGE(F$111:F$120)-AVERAGE(AI$111:AI$120)+AI151 -> 289.16195 | AI151: 129.68714 | AJ151: 10.768959
A152: 2001 | B152: 0.48345044 | C152: ='[1]ERF_best_aggregates_1750-2024'!AA253 -> 479.13414 | D152: =Z152*0.897 -> 3.945903 | E152: 0.016896537 | F152: 351.25772 | G152: 24.638421 | H152: ='[1]ERF_best_aggregates_1750-2024'!AE253 -> -1.2190974 | I152: 340.52035 | K152: =C152/M152 -> 1.2903537 | L152: 2001 | M152: 371.32 | N152: 0.12 | P152: =AVERAGE(F$141:F$150)-AVERAGE(R$141:R$150)+R152 -> 317.18248 | Q152: =AVERAGE(F$121:F$130)-AVERAGE(R$121:R$130)+R152 -> 223.21074 | R152: -15.977865 | T152: 20.202257 | V152: =SQRT(T152^2+G152^2/4) -> 23.662082 | Z152: 4.399 | AC152: =AVERAGE(F$143:F$147)-AVERAGE(AD$143:AD$147)+AD152 -> 352.81716 | AD152: -122.80833 | AE152: 13.136065 | AH152: =AVERAGE(F$111:F$120)-AVERAGE(AI$111:AI$120)+AI152 -> 292.83293 | AI152: 133.35812 | AJ152: 4.5425842
...

Sheet ERF source
B1: CO2 | C1: CH4 | D1: N2O | E1: aerosol-radiation_interactions | F1: aerosol-cloud_interactions | G1: O3 | H1: contrails | I1: land_use | J1: BC_on_snow | K1: H2O_stratospheric | L1: solar | M1: volcanic | N1: aerosol | O1: nonco2wmghg | P1: halogen | Q1: anthro | R1: total | S1: minor | Z1: anthro no aerosol | AA1: eCO2 conc | AE1: anthro_cloud+radiation
A2: 1750.5 | B2: 0 | C2: 0 | D2: 0 | E2: 0 | F2: 0 | G2: 0 | H2: 0 | I2: 0 | J2: 0 | K2: 0 | L2: 0.097590262 | M2: 0.20367977 | N2: 0 | O2: 0 | P2: 0 | Q2: 0 | R2: 0.30127003 | S2: 0 | Z2: =K2+J2+I2+H2+G2+D2+C2+B2+P2 -> 0 | AA2: =10^((Z2+$V$100)/$V$99) -> 278.19849 | AE2: =F2+E2 -> 0
A3: 1751.5 | B3: 0.0014172921 | C3: 0.00050833036 | D3: 7.4479984e-05 | E3: 0.00063088451 | F3: 0.0038301063 | G3: -0.0004415655 | H3: 0 | I3: -0.00011361737 | J3: -0.00037354792 | K3: 3.4468963e-05 | L3: 0.079243973 | M3: 0.23732406 | N3: 0.0044609908 | O3: 0.00058281114 | P3: 7.9580096e-10 | Q3: 0.0055668322 | R3: 0.32213486 | S3: -0.00045269633 | Z3: =K3+J3+I3+H3+G3+D3+C3+B3+P3 -> 0.0011058414 | AA3: =10^((Z3+$V$100)/$V$99) -> 278.25409 | AE3: =F3+E3 -> 0.0044609908
A4: 1752.5 | B4: 0.0028342465 | C4: 0.0010163535 | D4: 0.00014895163 | E4: 0.0011555409 | F4: 0.0055754332 | G4: -0.00040980111 | H4: 0 | I4: -0.00023001732 | J4: -0.00049819633 | K4: 6.8937925e-05 | L4: 0.049166043 | M4: 0.24006953 | N4: 0.0067309741 | O4: 0.0011653067 | P4: 1.5916019e-09 | Q4: 0.0096614505 | R4: 0.29889702 | S4: -0.00065927572 | Z4: =K4+J4+I4+H4+G4+D4+C4+B4+P4 -> 0.0029304764 | AA4: =10^((Z4+$V$100)/$V$99) -> 278.34584 | AE4: =F4+E4 -> 0.0067309741
A5: 1753.5 | B5: 0.0042508635 | C5: 0.0015240699 | D5: 0.00022341493 | E5: 0.00063743664 | F5: 0.0038590069 | G5: -0.00014890974 | H5: 0 | I5: -0.00034910088 | J5: -0.00037360606 | K5: 0.00010340689 | L5: 0.012988284 | M5: 0.091163618 | N5: 0.0044964435 | O5: 0.0017474872 | P5: 2.3874029e-09 | Q5: 0.0097265844 | R5: 0.11387849 | S5: -0.00061930005 | Z5: =K5+J5+I5+H5+G5+D5+C5+B5+P5 -> 0.0052301409 | AA5: =10^((Z5+$V$100)/$V$99) -> 278.46152 | AE5: =F5+E5 -> 0.0044964435
A6: 1754.5 | B6: 0.0056671431 | C6: 0.0020314801 | D6: 0.00029786991 | E6: -0.00053103925 | F6: -0.00097612658 | G6: 0.00074659103 | H6: 0 | I6: -0.00047081885 | J6: 5.4014287e-05 | K6: 0.00013787585 | L6: -0.021426608 | M6: -0.071972964 | N6: -0.0015071658 | O6: 0.0023293532 | P6: 3.1832038e-09 | Q6: 0.0069569927 | R6: -0.08644258 | S6: -0.00027892872 | Z6: =K6+J6+I6+H6+G6+D6+C6+B6+P6 -> 0.0084641586 | AA6: =10^((Z6+$V$100)/$V$99) -> 278.62429 | AE6: =F6+E6 -> -0.0015071658
A7: 1755.5 | B7: 0.0070830855 | C7: 0.0025385845 | D7: 0.00037231656 | E7: 0.00047903358 | F7: 0.00015622248 | G7: 0.0010370261 | H7: 0 | I7: -0.00059519151 | J7: 5.8738608e-05 | K7: 0.00017234481 | L7: -0.045903927 | M7: 0.086290159 | N7: 0.00063525606 | O7: 0.002910905 | P7: 3.9790048e-09 | Q7: 0.011302165 | R7: 0.051688396 | S7: -0.00036410809 | Z7: =K7+J7+I7+H7+G7+D7+C7+B7+P7 -> 0.010666909 | AA7: =10^((Z7+$V$100)/$V$99) -> 278.73521 | AE7: =F7+E7 -> 0.00063525606
A8: 1756.5 | B8: 0.008498691 | C8: 0.0030453837 | D8: 0.00044675488 | E8: 0.00048227067 | F8: 0.0037957511 | G8: 0.0002077778 | H8: 0 | I8: -0.00072213678 | J8: -0.00039829679 | K8: 0.00020681378 | L8: -0.053485812 | M8: -0.035536597 | N8: 0.0042780218 | O8: 0.0034921433 | P8: 4.7748058e-09 | Q8: 0.015563014 | R8: -0.073459395 | S8: -0.00091361979 | Z8: =K8+J8+I8+H8+G8+D8+C8+B8+P8 -> 0.011284992 | AA8: =10^((Z8+$V$100)/$V$99) -> 278.76634 | AE8: =F8+E8 -> 0.0042780218
A9: 1757.5 | B9: 0.0099139597 | C9: 0.003551878 | D9: 0.00052118489 | E9: 2.7196971e-05 | F9: -0.0054374544 | G9: 0.0027551041 | H9: 0 | I9: -0.0008516726 | J9: 0.00082075632 | K9: 0.00024128274 | L9: -0.034343893 | M9: 0.19284791 | N9: -0.0054102574 | O9: 0.0040730685 | P9: 5.5706067e-09 | Q9: 0.011542241 | R9: 0.17004626 | S9: 0.00021036646 | Z9: =K9+J9+I9+H9+G9+D9+C9+B9+P9 -> 0.016952499 | AA9: =10^((Z9+$V$100)/$V$99) -> 279.05196 | AE9: =F9+E9 -> -0.0054102574
A10: 1758.5 | B10: 0.011328892 | C10: 0.0040580681 | D10: 0.00059560658 | E10: 0.00023281521 | F10: -0.0020102047 | G10: 0.0023343907 | H10: 0 | I10: -0.00098378121 | J10: 0.0004093226 | K10: 0.0002757517 | L10: 0.017013236 | M10: 0.23767116 | N10: -0.0017773895 | O10: 0.0046536811 | P10: 6.3664077e-09 | Q10: 0.016240867 | R10: 0.27092526 | S10: -0.00029870691 | Z10: =K10+J10+I10+H10+G10+D10+C10+B10+P10 -> 0.018018257 | AA10: =10^((Z10+$V$100)/$V$99) -> 279.1057 | AE10: =F10+E10 -> -0.0017773895
A11: 1759.5 | B11: 0.012743487 | C11: 0.0045639544 | D11: 0.00067001997 | E11: -0.00010388792 | F11: -0.0026478089 | G11: 0.0021023221 | H11: 0 | I11: -0.001118388 | J11: 0.00036544875 | K11: 0.00031022066 | L11: 0.067512332 | M11: 0.23192873 | N11: -0.0027516968 | O11: 0.0052339816 | P11: 7.1622086e-09 | Q11: 0.016885376 | R11: 0.31632643 | S11: -0.00044271859 | Z11: =K11+J11+I11+H11+G11+D11+C11+B11+P11 -> 0.019637072 | AA11: =10^((Z11+$V$100)/$V$99) -> 279.18735 | AE11: =F11+E11 -> -0.0027516968
A12: 1760.5 | B12: 0.014157747 | C12: 0.0050695374 | D12: 0.00074442506 | E12: -0.0010371095 | F12: -0.0055869598 | G12: 0.002476618 | H12: 0 | I12: -0.0012627866 | J12: 0.00053443818 | K12: 0.00034468963 | L12: 0.092395267 | M12: 0.050240462 | N12: -0.0066240693 | O12: 0.0058139704 | P12: 7.9580096e-09 | Q12: 0.015440607 | R12: 0.15807634 | S12: -0.00038365877 | Z12: =K12+J12+I12+H12+G12+D12+C12+B12+P12 -> 0.022064676 | AA12: =10^((Z12+$V$100)/$V$99) -> 279.30984 | AE12: =F12+E12 -> -0.0066240693
A13: 1761.5 | B13: 0.01557167 | C13: 0.0055748176 | D13: 0.00081882185 | E13: -0.00019168416 | F13: -0.0051028097 | G13: 0.003160343 | H13: 0 | I13: -0.00141694 | J13: 0.00069548802 | K13: 0.00037915859 | L13: 0.086248636 | M13: -1.2562396 | N13: -0.0052944939 | O13: 0.0063936482 | P13: 8.7538106e-09 | Q13: 0.019488874 | R13: -1.1505021 | S13: -0.00034229335 | Z13: =K13+J13+I13+H13+G13+D13+C13+B13+P13 -> 0.024783368 | AA13: =10^((Z13+$V$100)/$V$99) -> 279.44708 | AE13: =F13+E13 -> -0.0052944939
... A76: 1824.5 | B76: 0.10397882 | C76: 0.036817142 | D76: 0.0054892929 | E76: 0.00083546444 | F76: -0.030518834 | G76: 0.017336345 | H76: 0 | I76: -0.02173655 | J76: 0.0049679994 | K76: 0.0025507032 | L76: -0.050178488 | M76: -0.063608989 | N76: -0.029683369 | O76: 0.042306494 | P76: 5.8889271e-08 | Q76: 0.11972045 | R76: 0.0059329694 | S76: -0.014217848 | Z76: =K76+J76+I76+H76+G76+D76+C76+B76+P76 -> 0.14940382 | AA76: =10^((Z76+$V$100)/$V$99) -> 285.81094 | AE76: =F76+E76 -> -0.029683369
A77: 1825.5 | B77: 0.1053716 | C77: 0.037303989 | D77: 0.0055631682 | E77: -0.00049755863 | F77: -0.035563842 | G77: 0.017558915 | H77: 0 | I77: -0.022306606 | J77: 0.0052001525 | K77: 0.0025851722 | L77: -0.020240964 | M77: 0.077164765 | N77: -0.0360614 | O77: 0.042867217 | P77: 5.9685072e-08 | Q77: 0.11521505 | R77: 0.17213885 | S77: -0.014521282 | Z77: =K77+J77+I77+H77+G77+D77+C77+B77+P77 -> 0.15127645 | AA77: =10^((Z77+$V$100)/$V$99) -> 285.90767 | AB77: 2.4562258 | AE77: =F77+E77 -> -0.0360614
A78: 1826.5 | B78: 0.10676404 | C78: 0.037790562 | D78: 0.0056370354 | E78: 0.00042506605 | F78: -0.033394632 | G78: 0.01758031 | H78: 0 | I78: -0.022877353 | J78: 0.0052350265 | K78: 0.0026196412 | L78: 0.01314429 | M78: 0.20123791 | N78: -0.032969566 | O78: 0.043427658 | P78: 6.0480873e-08 | Q78: 0.11977976 | R78: 0.33416196 | S78: -0.015022685 | Z78: =K78+J78+I78+H78+G78+D78+C78+B78+P78 -> 0.15274933 | AA78: =10^((Z78+$V$100)/$V$99) -> 285.98377 | AB78: 2.4563414 | AE78: =F78+E78 -> -0.032969566
A79: 1827.5 | B79: 0.10815616 | C79: 0.038276861 | D79: 0.0057108947 | E79: 0.00015300989 | F79: -0.037098198 | G79: 0.018360468 | H79: 0 | I79: -0.023448757 | J79: 0.005676224 | K79: 0.0026541101 | L79: 0.037543607 | M79: 0.16409647 | N79: -0.036945188 | O79: 0.043987817 | P79: 6.1276674e-08 | Q79: 0.11844084 | R79: 0.32008092 | S79: -0.015118423 | Z79: =K79+J79+I79+H79+G79+D79+C79+B79+P79 -> 0.15538603 | AA79: =10^((Z79+$V$100)/$V$99) -> 286.12005 | AB79: 2.4565483 | AE79: =F79+E79 -> -0.036945188
A80: 1828.5 | B80: 0.10954796 | C80: 0.038762887 | D80: 0.0057847459 | E80: -0.0012217627 | F80: -0.048377911 | G80: 0.020578005 | H80: 0 | I80: -0.024020767 | J80: 0.0068808149 | K80: 0.0026885791 | L80: 0.044953885 | M80: 0.20833486 | N80: -0.049599674 | O80: 0.044547695 | P80: 6.2072475e-08 | Q80: 0.11062261 | R80: 0.36391136 | S80: -0.014451373 | Z80: =K80+J80+I80+H80+G80+D80+C80+B80+P80 -> 0.16022229 | AA80: =10^((Z80+$V$100)/$V$99) -> 286.37019 | AB80: 2.4569278 | AE80: =F80+E80 -> -0.049599674
A81: 1829.5 | B81: 0.11093943 | C81: 0.03924864 | D81: 0.0058585892 | E81: -0.00086545923 | F81: -0.043741697 | G81: 0.019518595 | H81: 0 | I81: -0.024593401 | J81: 0.0063033077 | K81: 0.002723048 | L81: 0.035921146 | M81: 0.11233137 | N81: -0.044607156 | O81: 0.045107292 | P81: 6.2868276e-08 | Q81: 0.11539112 | R81: 0.26364363 | S81: -0.015567045 | Z81: =K81+J81+I81+H81+G81+D81+C81+B81+P81 -> 0.15999828 | AA81: =10^((Z81+$V$100)/$V$99) -> 286.35859 | AB81: 2.4569102 | AE81: =F81+E81 -> -0.044607156
A82: 1830.5 | B82: 0.11233058 | C82: 0.039734121 | D82: 0.0059324244 | E82: -0.0013478136 | F82: -0.04791236 | G82: 0.020120989 | H82: 0 | I82: -0.025271474 | J82: 0.0067132196 | K82: 0.002757517 | L82: 0.016186405 | M82: 0.19059517 | N82: -0.049260173 | O82: 0.045666609 | P82: 6.3664077e-08 | Q82: 0.11305727 | R82: 0.31983884 | S82: -0.015800737 | Z82: =K82+J82+I82+H82+G82+D82+C82+B82+P82 -> 0.16231744 | AA82: =10^((Z82+$V$100)/$V$99) -> 286.47862 | AB82: 2.4570922 | AE82: =F82+E82 -> -0.049260173
A83: 1831.5 | B83: 0.11372141 | C83: 0.04021933 | D83: 0.0060062517 | E83: -0.00011671495 | F83: -0.041086007 | G83: 0.019114738 | H83: 0 | I83: -0.026054931 | J83: 0.0061467082 | K83: 0.002791986 | L83: -0.010365793 | M83: -2.2322494 | N83: -0.041202722 | O83: 0.046225646 | P83: 6.4459878e-08 | Q83: 0.12074283 | R83: -2.1218724 | S83: -0.017116237 | Z83: =K83+J83+I83+H83+G83+D83+C83+B83+P83 -> 0.16194555 | AA83: =10^((Z83+$V$100)/$V$99) -> 286.45937 | AB83: 2.457063 | AE83: =F83+E83 -> -0.041202722
A84: 1832.5 | B84: 0.11511191 | C84: 0.040704267 | D84: 0.006080071 | E84: 0.00041594676 | F84: -0.03956812 | G84: 0.019144572 | H84: 0 | I84: -0.026838895 | J84: 0.0061186115 | K84: 0.0028264549 | L84: -0.035482736 | M84: -1.7917386 | N84: -0.039152173 | O84: 0.046784404 | P84: 6.5255679e-08 | Q84: 0.12399488 | R84: -1.7032265 | S84: -0.017893829 | Z84: =K84+J84+I84+H84+G84+D84+C84+B84+P84 -> 0.16314705 | AA84: =10^((Z84+$V$100)/$V$99) -> 286.52157 | AB84: 2.4571573 | AE84: =F84+E84 -> -0.039152173
A85: 1833.5 | B85: 0.11650208 | C85: 0.041188933 | D85: 0.0061538823 | E85: -5.85048e-05 | F85: -0.041673382 | G85: 0.019175019 | H85: 0 | I85: -0.027623369 | J85: 0.0062529522 | K85: 0.0028609239 | L85: -0.051052121 | M85: -0.75523992 | N85: -0.041731887 | O85: 0.047342882 | P85: 6.605148e-08 | Q85: 0.1227786 | R85: -0.68351344 | S85: -0.018509493 | Z85: =K85+J85+I85+H85+G85+D85+C85+B85+P85 -> 0.16451049 | AA85: =10^((Z85+$V$100)/$V$99) -> 286.59216 | AB85: 2.4572643 | AE85: =F85+E85 -> -0.041731887
A86: 1834.5 | B86: 0.11789194 | C86: 0.041673329 | D86: 0.0062276857 | E86: -0.0014796425 | F86: -0.051223508 | G86: 0.020746873 | H86: 0 | I86: -0.028408285 | J86: 0.0071807835 | K86: 0.0028953929 | L86: -0.048509225 | M86: -0.078318737 | N86: -0.05270315 | O86: 0.047901081 | P86: 6.6847281e-08 | Q86: 0.11550463 | R86: -0.011323332 | S86: -0.018332108 | Z86: =K86+J86+I86+H86+G86+D86+C86+B86+P86 -> 0.16820778 | AA86: =10^((Z86+$V$100)/$V$99) -> 286.78369 | AB86: 2.4575544 | AE86: =F86+E86 -> -0.05270315
A87: 1835.5 | B87: 0.11928146 | C87: 0.042157453 | D87: 0.0063014811 | E87: -0.00022256544 | F87: -0.047985007 | G87: 0.020679096 | H87: 0 | I87: -0.02919366 | J87: 0.0071451525 | K87: 0.0029298618 | L87: -0.015155173 | M87: -1.9846822 | N87: -0.048207572 | O87: 0.048459002 | P87: 6.7643082e-08 | Q87: 0.12109334 | R87: -1.878744 | S87: -0.019118645 | Z87: =K87+J87+I87+H87+G87+D87+C87+B87+P87 -> 0.16930092 | AA87: =10^((Z87+$V$100)/$V$99) -> 286.84034 | AB87: 2.4576402 | AE87: =F87+E87 -> -0.048207572
A88: 1836.5 | B88: 0.12067067 | C88: 0.042641308 | D88: 0.0063752685 | E88: -0.00086701032 | F88: -0.050202764 | G88: 0.020309387 | H88: 0 | I88: -0.029979426 | J88: 0.0071980805 | K88: 0.0029643308 | L88: 0.043861844 | M88: -1.9528897 | N88: -0.051069775 | O88: 0.049016645 | P88: 6.8438883e-08 | Q88: 0.11910991 | R88: -1.7899179 | S88: -0.019817015 | Z88: =K88+J88+I88+H88+G88+D88+C88+B88+P88 -> 0.17017969 | AA88: =10^((Z88+$V$100)/$V$99) -> 286.88589 | AB88: 2.4577092 | AE88: =F88+E88 -> -0.051069775
... A98: 1846.5 | B98: 0.13454498 | C98: 0.047465094 | D98: 0.0071127056 | E98: -0.00036267113 | F98: -0.062587087 | G98: 0.022738938 | H98: 0 | I98: -0.037514351 | J98: 0.0090937551 | K98: 0.0033090204 | L98: -0.041878976 | M98: -0.43453288 | N98: -0.062949758 | O98: 0.054577876 | P98: 7.6396892e-08 | Q98: 0.12380046 | R98: -0.35261139 | S98: -0.025111576 | Z98: =K98+J98+I98+H98+G98+D98+C98+B98+P98 -> 0.18675022 | AA98: =10^((Z98+$V$100)/$V$99) -> 287.74614 | AB98: 2.4590095 | AE98: =F98+E98 -> -0.062949758
A99: 1847.5 | B99: 0.13593064 | C99: 0.047946005 | D99: 0.0071864057 | E99: -0.0011089733 | F99: -0.070351873 | G99: 0.024031181 | H99: 0 | I99: -0.038250614 | J99: 0.009967246 | K99: 0.0033434894 | L99: -0.029538913 | M99: -0.0042754419 | N99: -0.071460846 | O99: 0.055132488 | P99: 7.7192693e-08 | Q99: 0.11869358 | R99: 0.08487923 | S99: -0.024939879 | V99: 12.743332 | Z99: =K99+J99+I99+H99+G99+D99+C99+B99+P99 -> 0.19015443 | AA99: =10^((Z99+$V$100)/$V$99) -> 287.92319 | AB99: 2.4592766 | AE99: =F99+E99 -> -0.071460846
A100: 1848.5 | B100: 0.13731598 | C100: 0.04842665 | D100: 0.0072600979 | E100: -0.0024366531 | F100: -0.079618404 | G100: 0.025785612 | H100: 0 | I100: -0.038986962 | J100: 0.010914293 | K100: 0.0033779583 | L100: -0.017167648 | M100: 0.19689949 | N100: -0.082055057 | O100: 0.055686826 | P100: 7.7988494e-08 | Q100: 0.11203865 | R100: 0.29177049 | S100: -0.024694711 | V100: 31.149224 | Z100: =K100+J100+I100+H100+G100+D100+C100+B100+P100 -> 0.19409371 | AA100: =10^((Z100+$V$100)/$V$99) -> 288.1282 | AB100: 2.4595858 | AE100: =F100+E100 -> -0.082055057
A101: 1849.5 | B101: 0.138701 | C101: 0.048907031 | D101: 0.0073337822 | E101: -0.0021648165 | F101: -0.077621974 | G101: 0.025180044 | H101: 0 | I101: -0.039723377 | J101: 0.010630965 | K101: 0.0034124273 | L101: -0.0047963835 | M101: 0.23735602 | N101: -0.07978679 | O101: 0.056240892 | P101: 7.8784295e-08 | Q101: 0.11465516 | R101: 0.34721479 | S101: -0.025679985 | Z101: =K101+J101+I101+H101+G101+D101+C101+B101+P101 -> 0.19444195 | AA101: =10^((Z101+$V$100)/$V$99) -> 288.14634 | AB101: 2.4596131 | AE101: =F101+E101 -> -0.07978679
A102: 1850.5 | B102: 0.14008569 | C102: 0.049387147 | D102: 0.0074074585 | E102: -0.0023160862 | F102: -0.080306524 | G102: 0.025615178 | H102: 0 | I102: -0.040767195 | J102: 0.011008615 | K102: 0.0034468963 | L102: 0.0075280794 | M102: 0.24414237 | N102: -0.08262261 | O102: 0.056794685 | P102: 7.9580096e-08 | Q102: 0.11356126 | R102: 0.36523171 | S102: -0.026311684 | Z102: =K102+J102+I102+H102+G102+D102+C102+B102+P102 -> 0.19618387 | AA102: =10^((Z102+$V$100)/$V$99) -> 288.23704 | AB102: 2.4597498 | AE102: =F102+E102 -> -0.08262261
A103: 1851.5 | B103: 0.14242946 | C103: 0.049490248 | D103: 0.0077054543 | E103: -0.00091928299 | F103: -0.073427571 | G103: 0.024454565 | H103: 0 | I103: -0.042118476 | J103: 0.010416004 | K103: 0.0034543253 | L103: 0.0020678743 | M103: 0.24503909 | N103: -0.074346854 | O103: 0.057195784 | P103: 8.2282773e-08 | Q103: 0.12148481 | R103: 0.36859177 | S103: -0.028248147 | Z103: =K103+J103+I103+H103+G103+D103+C103+B103+P103 -> 0.19583166 | AA103: =10^((Z103+$V$100)/$V$99) -> 288.2187 | AE103: =F103+E103 -> -0.074346854
A104: 1852.5 | B104: 0.14508002 | C104: 0.049951329 | D104: 0.0080033537 | E104: -0.00026402083 | F104: -0.070948095 | G104: 0.023995278 | H104: 0 | I104: -0.043469704 | J104: 0.010219134 | K104: 0.0034874698 | L104: 0.0012566438 | M104: 0.24501132 | N104: -0.071212116 | O104: 0.057954768 | P104: 8.5334116e-08 | Q104: 0.12605485 | R104: 0.37232281 | S104: -0.0297631 | Z104: =K104+J104+I104+H104+G104+D104+C104+B104+P104 -> 0.19726696 | AA104: =10^((Z104+$V$100)/$V$99) -> 288.29346 | AE104: =F104+E104 -> -0.071212116
A105: 1853.5 | B105: 0.14746032 | C105: 0.050712849 | D105: 0.008381922 | E105: -0.00069165276 | F105: -0.074799541 | G105: 0.024671005 | H105: 0 | I105: -0.044820886 | J105: 0.010628766 | K105: 0.0035422401 | L105: -0.0088681364 | M105: -0.001429855 | N105: -0.075491193 | O105: 0.059094859 | P105: 8.839851e-08 | Q105: 0.12508511 | R105: 0.11478711 | S105: -0.03064988 | Z105: =K105+J105+I105+H105+G105+D105+C105+B105+P105 -> 0.2005763 | AA105: =10^((Z105+$V$100)/$V$99) -> 288.4659 | AE105: =F105+E105 -> -0.075491193
A106: 1854.5 | B106: 0.14949455 | C106: 0.051526921 | D106: 0.0087714733 | E106: -0.0027176602 | F106: -0.088982038 | G106: 0.026801356 | H106: 0 | I106: -0.046171979 | J106: 0.011971739 | K106: 0.0036008424 | L106: -0.022721457 | M106: -0.28257773 | N106: -0.091699698 | O106: 0.060298486 | P106: 9.1471179e-08 | Q106: 0.1142953 | R106: -0.19100389 | S106: -0.030599397 | Z106: =K106+J106+I106+H106+G106+D106+C106+B106+P106 -> 0.20599499 | AA106: =10^((Z106+$V$100)/$V$99) -> 288.74847 | AE106: =F106+E106 -> -0.091699698
A107: 1855.5 | B107: 0.15114382 | C107: 0.052506068 | D107: 0.0091903876 | E107: -0.0013974305 | F107: -0.085175845 | G107: 0.026757796 | H107: 0 | I107: -0.047522967 | J107: 0.011812538 | K107: 0.0036713967 | L107: -0.031254977 | M107: 0.073721743 | N107: -0.086573276 | O107: 0.06169655 | P107: 9.4557112e-08 | Q107: 0.12098586 | R107: 0.16345262 | S107: -0.032039032 | Z107: =K107+J107+I107+H107+G107+D107+C107+B107+P107 -> 0.20755913 | AA107: =10^((Z107+$V$100)/$V$99) -> 288.83009 | AE107: =F107+E107 -> -0.086573276
A108: 1856.5 | B108: 0.15304209 | C108: 0.053401331 | D108: 0.0096126156 | E108: -0.0020844075 | F108: -0.086395581 | G108: 0.026150637 | H108: 0 | I108: -0.048873807 | J108: 0.011625778 | K108: 0.0037359804 | L108: -0.033641867 | M108: 0.15512135 | N108: -0.088479988 | O108: 0.063014045 | P108: 9.7657953e-08 | Q108: 0.12021473 | R108: 0.24169422 | S108: -0.033512048 | Z108: =K108+J108+I108+H108+G108+D108+C108+B108+P108 -> 0.20869472 | AA108: =10^((Z108+$V$100)/$V$99) -> 288.88936 | AE108: =F108+E108 -> -0.088479988
A109: 1857.5 | B109: 0.15584122 | C109: 0.054412554 | D109: 0.0099945862 | E109: -0.0021112454 | F109: -0.09320808 | G109: 0.028748672 | H109: 0 | I109: -0.050224479 | J109: 0.012718338 | K109: 0.0038090008 | L109: -0.027666842 | M109: -0.78204914 | N109: -0.095319325 | O109: 0.064407241 | P109: 1.0077535e-07 | Q109: 0.11998067 | R109: -0.68973531 | S109: -0.033697141 | Z109: =K109+J109+I109+H109+G109+D109+C109+B109+P109 -> 0.2153 | AA109: =10^((Z109+$V$100)/$V$99) -> 289.23436 | AE109: =F109+E109 -> -0.095319325
A110: 1858.5 | B110: 0.15883039 | C110: 0.055572837 | D110: 0.010317745 | E110: -0.0024741872 | F110: -0.097187043 | G110: 0.030128815 | H110: 0 | I110: -0.051574969 | J110: 0.013208751 | K110: 0.0038928784 | L110: -0.010802609 | M110: -0.39629725 | N110: -0.099661231 | O110: 0.065890686 | P110: 1.0391093e-07 | Q110: 0.12071532 | R110: -0.28638454 | S110: -0.03447334 | Z110: =K110+J110+I110+H110+G110+D110+C110+B110+P110 -> 0.22037655 | AA110: =10^((Z110+$V$100)/$V$99) -> 289.49979 | AE110: =F110+E110 -> -0.099661231
A111: 1859.5 | B111: 0.16202959 | C111: 0.056815068 | D111: 0.010853392 | E111: -0.0030944316 | F111: -0.099134155 | G111: 0.029795695 | H111: 0 | I111: -0.052925221 | J111: 0.013154798 | K111: 0.0039828233 | L111: 0.0034563264 | M111: 0.076207681 | N111: -0.10222859 | O111: 0.067668567 | P111: 1.0706636e-07 | Q111: 0.12147767 | R111: 0.20114167 | S111: -0.0357876 | Z111: =K111+J111+I111+H111+G111+D111+C111+B111+P111 -> 0.22370625 | AA111: =10^((Z111+$V$100)/$V$99) -> 289.67402 | AE111: =F111+E111 -> -0.10222859
A112: 1860.5 | B112: 0.16557122 | C112: 0.057979688 | D112: 0.011469392 | E112: -0.0040869966 | F112: -0.10342109 | G112: 0.030012339 | H112: 0 | I112: -0.054019179 | J112: 0.013289314 | K112: 0.0040672778 | L112: 0.014033524 | M112: 0.17782053 | N112: -0.10750809 | O112: 0.069449191 | P112: 1.1024326e-07 | Q112: 0.12086207 | R112: 0.31271613 | S112: -0.036662587 | Z112: =K112+J112+I112+H112+G112+D112+C112+B112+P112 -> 0.22837016 | AA112: =10^((Z112+$V$100)/$V$99) -> 289.91823 | AE112: =F112+E112 -> -0.10750809
A113: 1861.5 | B113: 0.16911068 | C113: 0.059246129 | D113: 0.012169252 | E113: -0.0034298078 | F113: -0.10494108 | G113: 0.031387473 | H113: 0 | I113: -0.054856789 | J113: 0.013682401 | K113: 0.0041592487 | L113: 0.011911844 | M113: 0.22204538 | N113: -0.10837089 | O113: 0.071415494 | P113: 1.1344329e-07 | Q113: 0.12652763 | R113: 0.36048485 | S113: -0.037015139 | Z113: =K113+J113+I113+H113+G113+D113+C113+B113+P113 -> 0.23489851 | AA113: =10^((Z113+$V$100)/$V$99) -> 290.26042 | AE113: =F113+E113 -> -0.10837089
A114: 1862.5 | B114: 0.17213149 | C114: 0.060838961 | D114: 0.01283951 | E114: -0.0039273259 | F114: -0.10457331 | G114: 0.031250036 | H114: 0 | I114: -0.05569407 | J114: 0.013421259 | K114: 0.0042750915 | L114: -0.00035021652 | M114: -1.0042632 | N114: -0.10850063 | O114: 0.073678598 | P114: 1.2652709e-07 | Q114: 0.13056177 | R114: -0.8740516 | S114: -0.037997719 | Z114: =K114+J114+I114+H114+G114+D114+C114+B114+P114 -> 0.23906241 | AA114: =10^((Z114+$V$100)/$V$99) -> 290.47889 | AE114: =F114+E114 -> -0.10850063
... A243: 1991.5 | B243: 1.3514442 | C243: 0.49199513 | D243: 0.1360484 | E243: -0.37362527 | F243: -1.1152661 | G243: 0.4115219 | H243: 0.015588582 | I243: -0.19488538 | J243: 0.08857845 | K243: 0.043906578 | L243: 0.10411131 | M243: -0.60501799 | N243: -1.4888914 | O243: 0.9702157 | P243: 0.34217217 | Q243: 1.1974786 | R243: 0.69657192 | S243: -0.046811775 | Z243: =K243+J243+I243+H243+G243+D243+C243+B243+P243 -> 2.68637 | AA243: =10^((Z243+$V$100)/$V$99) -> 452.02318 | AE243: =F243+E243 -> -1.4888914
A244: 1992.5 | B244: 1.3624544 | C244: 0.49496593 | D244: 0.13777684 | E244: -0.33854328 | F244: -0.99448004 | G244: 0.38778751 | H244: 0.017215561 | I244: -0.19403295 | J244: 0.07861763 | K244: 0.044242122 | L244: 0.083346927 | M244: -1.8721178 | N244: -1.3330233 | O244: 0.98303974 | P244: 0.35029696 | Q244: 1.3463007 | R244: -0.44247018 | S244: -0.053957632 | Z244: =K244+J244+I244+H244+G244+D244+C244+B244+P244 -> 2.6793241 | AA244: =10^((Z244+$V$100)/$V$99) -> 451.44807 | AC244: 1.3428868 | AE244: =F244+E244 -> -1.3330233
A245: 1993.5 | B245: 1.3740765 | C245: 0.49573445 | D245: 0.13882747 | E245: -0.33233922 | F245: -1.0083307 | G245: 0.39346552 | H245: 0.01882664 | I245: -0.19380771 | J245: 0.081655253 | K245: 0.044329988 | L245: 0.034485892 | M245: -0.81040124 | N245: -1.34067 | O245: 0.98970165 | P245: 0.35513973 | Q245: 1.3675779 | R245: 0.59166256 | S245: -0.048995825 | Z245: =K245+J245+I245+H245+G245+D245+C245+B245+P245 -> 2.7082479 | AA245: =10^((Z245+$V$100)/$V$99) -> 453.81361 | AC245: 1.3483003 | AE245: =F245+E245 -> -1.34067
A246: 1994.5 | B246: 1.3975702 | C246: 0.49789759 | D246: 0.14061926 | E246: -0.33551214 | F246: -1.0624746 | G246: 0.41102423 | H246: 0.020049253 | I246: -0.19364493 | J246: 0.088263155 | K246: 0.044575887 | L246: 0.0049071809 | M246: -0.068076628 | N246: -1.3979867 | O246: 0.99758465 | P246: 0.3590678 | Q246: 1.3674357 | R246: 1.3042663 | S246: -0.040756639 | Z246: =K246+J246+I246+H246+G246+D246+C246+B246+P246 -> 2.7654224 | AA246: =10^((Z246+$V$100)/$V$99) -> 458.52619 | AC246: 1.3582044 | AE246: =F246+E246 -> -1.3979867
A247: 1995.5 | B247: 1.42627 | C247: 0.49982722 | D247: 0.14259349 | E247: -0.31018015 | F247: -1.0170314 | G247: 0.40454636 | H247: 0.021408454 | I247: -0.19330243 | J247: 0.088198296 | K247: 0.044796242 | L247: -0.00070903 | M247: 0.12067652 | N247: -1.3272116 | O247: 1.0050676 | P247: 0.36264691 | Q247: 1.469773 | R247: 1.5897405 | S247: -0.038899439 | Z247: =K247+J247+I247+H247+G247+D247+C247+B247+P247 -> 2.7969845 | AA247: =10^((Z247+$V$100)/$V$99) -> 461.14861 | AC247: 1.3520554 | AE247: =F247+E247 -> -1.3272116
A248: 1996.5 | B248: 1.4535944 | C248: 0.5006235 | D248: 0.14542201 | E248: -0.30185737 | F248: -0.98758074 | G248: 0.40480186 | H248: 0.022660503 | I248: -0.19367032 | J248: 0.085075549 | K248: 0.044890372 | L248: -0.012908688 | M248: 0.18988919 | N248: -1.2894381 | O248: 1.0118677 | P248: 0.36582223 | Q248: 1.539782 | R248: 1.7167625 | S248: -0.041043893 | Z248: =K248+J248+I248+H248+G248+D248+C248+B248+P248 -> 2.8292201 | AA248: =10^((Z248+$V$100)/$V$99) -> 463.84246 | AC248: 1.3474787 | AE248: =F248+E248 -> -1.2894381
A249: 1997.5 | B249: 1.4709156 | C249: 0.50192407 | D249: 0.1481885 | E249: -0.33276818 | F249: -1.0945011 | G249: 0.44223705 | H249: 0.023816114 | I249: -0.19428111 | J249: 0.094372477 | K249: 0.045041437 | L249: 0.0035031282 | M249: 0.21325117 | N249: -1.4272693 | O249: 1.0183007 | P249: 0.36818815 | Q249: 1.473133 | R249: 1.6898873 | S249: -0.031051084 | Z249: =K249+J249+I249+H249+G249+D249+C249+B249+P249 -> 2.9004023 | AA249: =10^((Z249+$V$100)/$V$99) -> 469.84688 | AC249: 1.3674511 | AE249: =F249+E249 -> -1.4272693
A250: 1998.5 | B250: 1.5117295 | C250: 0.50592697 | D250: 0.15071094 | E250: -0.32342685 | F250: -1.0829684 | G250: 0.43506243 | H250: 0.02477787 | I250: -0.19468985 | J250: 0.094741208 | K250: 0.045498371 | L250: 0.05039849 | M250: 0.21542688 | N250: -1.4063952 | O250: 1.0271695 | P250: 0.3705316 | Q250: 1.5378939 | R250: 1.8037192 | S250: -0.029672398 | Z250: =K250+J250+I250+H250+G250+D250+C250+B250+P250 -> 2.9442891 | AA250: =10^((Z250+$V$100)/$V$99) -> 473.58751 | AC250: 1.3578368 | AE250: =F250+E250 -> -1.4063952
A251: 1999.5 | B251: 1.5438783 | C251: 0.50889233 | D251: 0.15396042 | E251: -0.29379989 | F251: -0.9725619 | G251: 0.42037075 | H251: 0.026278264 | I251: -0.19523862 | J251: 0.082652764 | K251: 0.045840115 | L251: 0.084906986 | M251: 0.21969464 | N251: -1.2663618 | O251: 1.0355749 | P251: 0.3727222 | Q251: 1.6929947 | R251: 1.9975963 | S251: -0.040467475 | Z251: =K251+J251+I251+H251+G251+D251+C251+B251+P251 -> 2.9593565 | AA251: =10^((Z251+$V$100)/$V$99) -> 474.87862 | AC251: 1.341059 | AE251: =F251+E251 -> -1.2663618
A252: 2000.5 | B252: 1.5615582 | C252: 0.50935203 | D252: 0.15721011 | E252: -0.29025756 | F252: -0.92831527 | G252: 0.41749282 | H252: 0.028357315 | I252: -0.19579198 | J252: 0.076842402 | K252: 0.04589749 | L252: 0.11000833 | M252: 0.22078028 | N252: -1.2185728 | O252: 1.0413932 | P252: 0.37483103 | Q252: 1.7571766 | R252: 2.0879653 | S252: -0.044694768 | Z252: =K252+J252+I252+H252+G252+D252+C252+B252+P252 -> 2.9757495 | AA252: =10^((Z252+$V$100)/$V$99) -> 476.28732 | AC252: 1.3355425 | AE252: =F252+E252 -> -1.2185728
A253: 2001.5 | B253: 1.5860258 | C253: 0.50874175 | D253: 0.15965484 | E253: -0.28977525 | F253: -0.92932217 | G253: 0.42069125 | H253: 0.029015768 | I253: -0.19552423 | J253: 0.077557609 | K253: 0.045831937 | L253: 0.099446732 | M253: 0.21517532 | N253: -1.2190974 | O253: 1.0451324 | P253: 0.37673582 | Q253: 1.7896331 | R253: 2.1042551 | S253: -0.043118917 | Z253: =K253+J253+I253+H253+G253+D253+C253+B253+P253 -> 3.0087305 | AA253: =10^((Z253+$V$100)/$V$99) -> 479.13414 | AC253: 1.3345904 | AE253: =F253+E253 -> -1.2190974
A254: 2002.5 | B254: 1.6164443 | C254: 0.50906117 | D254: 0.16176431 | E254: -0.30472811 | F254: -0.99795681 | G254: 0.43347805 | H254: 0.028468966 | I254: -0.19465313 | J254: 0.083177821 | K254: 0.045871594 | L254: 0.10473533 | M254: 0.22219952 | N254: -1.3026849 | O254: 1.049275 | P254: 0.37844948 | Q254: 1.7593776 | R254: 2.0863125 | S254: -0.037134751 | Z254: =K254+J254+I254+H254+G254+D254+C254+B254+P254 -> 3.0620625 | AA254: =10^((Z254+$V$100)/$V$99) -> 483.77365 | AC254: 1.3387413 | AE254: =F254+E254 -> -1.3026849
A255: 2003.5 | B255: 1.6551271 | C255: 0.51064972 | D255: 0.16405859 | E255: -0.31950421 | F255: -1.0234908 | G255: 0.43664983 | H255: 0.029491774 | I255: -0.19413322 | J255: 0.084352061 | K255: 0.046056052 | L255: 0.043362625 | M255: 0.20535269 | N255: -1.342995 | O255: 1.0546409 | P255: 0.37993257 | Q255: 1.7691894 | R255: 2.0179047 | S255: -0.034233334 | Z255: =K255+J255+I255+H255+G255+D255+C255+B255+P255 -> 3.1121844 | AA255: =10^((Z255+$V$100)/$V$99) -> 488.17484 | AC255: 1.3357959 | AE255: =F255+E255 -> -1.342995 | AF255: Not really analagous to the TOA calcuation
A256: 2004.5 | B256: 1.6820765 | C256: 0.51037853 | D256: 0.16619385 | E256: -0.31931891 | F256: -1.0262717 | G256: 0.44477932 | H256: 0.03354308 | I256: -0.19399098 | J256: 0.087103073 | K256: 0.046028551 | L256: 0.016576419 | M256: 0.21689557 | N256: -1.3455906 | O256: 1.0581474 | P256: 0.381575 | Q256: 1.8120963 | R256: 2.0455683 | S256: -0.027316276 | Z256: =K256+J256+I256+H256+G256+D256+C256+B256+P256 -> 3.1576869 | AA256: =10^((Z256+$V$100)/$V$99) -> 492.20507 | AC256: 1.3387694 | AE256: =F256+E256 -> -1.3455906 | AF256: 0.46650563
A257: 2005.5 | B257: 1.7123325 | C257: 0.50958088 | D257: 0.16851319 | E257: -0.33349494 | F257: -1.0560029 | G257: 0.45025395 | H257: 0.03523594 | I257: -0.19382773 | J257: 0.08996691 | K257: 0.045941412 | L257: -0.0098821745 | M257: 0.18971119 | N257: -1.3894979 | O257: 1.0613774 | P257: 0.38328331 | Q257: 1.8117825 | R257: 1.9916116 | S257: -0.022683466 | Z257: =K257+J257+I257+H257+G257+D257+C257+B257+P257 -> 3.2012804 | AA257: =10^((Z257+$V$100)/$V$99) -> 496.09742 | AC257: 1.3392088 | AE257: =F257+E257 -> -1.3894979 | AF257: 0.42228469
A258: 2006.5 | B258: 1.7445142 | C258: 0.5096286 | D258: 0.17124846 | E258: -0.34417683 | F258: -1.0700107 | G258: 0.45662846 | H258: 0.036701712 | I258: -0.19280313 | J258: 0.089070784 | K258: 0.045951172 | L258: -0.0158884 | M258: 0.17169935 | N258: -1.4141876 | O258: 1.0657732 | P258: 0.3848961 | Q258: 1.8316488 | R258: 1.9874597 | S258: -0.021079458 | Z258: =K258+J258+I258+H258+G258+D258+C258+B258+P258 -> 3.2458363 | AA258: =10^((Z258+$V$100)/$V$99) -> 500.10752 | AC258: 1.3382733 | AE258: =F258+E258 -> -1.4141876 | AF258: 0.41746118
A259: 2007.5 | B259: 1.7703469 | C259: 0.51226954 | D259: 0.17365847 | E259: -0.33057708 | F259: -1.0560291 | G259: 0.46132577 | H259: 0.038577903 | I259: -0.19175421 | J259: 0.091431998 | K259: 0.046256007 | L259: -0.027401633 | M259: 0.15891898 | N259: -1.3866062 | O259: 1.0727372 | P259: 0.3868092 | Q259: 1.9023153 | R259: 2.0338327 | S259: -0.015488303 | Z259: =K259+J259+I259+H259+G259+D259+C259+B259+P259 -> 3.2889215 | AA259: =10^((Z259+$V$100)/$V$99) -> 504.01607 | AC259: 1.3389876 | AE259: =F259+E259 -> -1.3866062 | AF259: 0.51570913
A260: 2008.5 | B260: 1.8015008 | C260: 0.51471074 | D260: 0.17657178 | E260: -0.31563117 | F260: -1.0156162 | G260: 0.4566699 | H260: 0.039346346 | I260: -0.19120705 | J260: 0.08796175 | K260: 0.046539562 | L260: -0.029882126 | M260: 0.1760134 | N260: -1.3312474 | O260: 1.0801035 | P260: 0.38882102 | Q260: 1.9896674 | R260: 2.1357987 | S260: -0.01735939 | Z260: =K260+J260+I260+H260+G260+D260+C260+B260+P260 -> 3.3209148 | AA260: =10^((Z260+$V$100)/$V$99) -> 506.93815 | AC260: 1.3322116 | AE260: =F260+E260 -> -1.3312474 | AF260: 0.65842
A261: 2009.5 | B261: 1.8231577 | C261: 0.51657564 | D261: 0.17883648 | E261: -0.28796041 | F261: -0.96533829 | G261: 0.44908219 | H261: 0.038287853 | I261: -0.19081649 | J261: 0.08485456 | K261: 0.046756686 | L261: -0.029944528 | M261: 0.14656463 | N261: -1.2532987 | O261: 1.0858936 | P261: 0.3904815 | Q261: 2.0839175 | R261: 2.2005376 | S261: -0.020917393 | Z261: =K261+J261+I261+H261+G261+D261+C261+B261+P261 -> 3.3372162 | AA261: =10^((Z261+$V$100)/$V$99) -> 508.43352 | AC261: 1.3250441 | AE261: =F261+E261 -> -1.2532987 | AF261: 0.83061876 | AG261: 0.75105831 | AH261: 0.78555308
A262: 2010.5 | B262: 1.8559451 | C262: 0.51854041 | D262: 0.18166184 | E262: -0.27885575 | F262: -0.99094179 | G262: 0.45786562 | H262: 0.042413429 | I262: -0.19019312 | J262: 0.091162783 | K262: 0.046986582 | L262: -0.007791696 | M262: 0.18168024 | N262: -1.2697975 | O262: 1.0925675 | P262: 0.39236528 | Q262: 2.1269504 | R262: 2.3008389 | S262: -0.009630323 | Z262: =K262+J262+I262+H262+G262+D262+C262+B262+P262 -> 3.3967479 | AA262: =10^((Z262+$V$100)/$V$99) -> 513.93215 | AC262: 1.3288545 | AE262: =F262+E262 -> -1.2697975 | AF262: 0.85715286 | AG262: 0.82004786
A263: 2011.5 | B263: 1.8830609 | C263: 0.52056534 | D263: 0.18490289 | E263: -0.28897694 | F263: -0.96780858 | G263: 0.46086383 | H263: 0.044480986 | I263: -0.1892421 | J263: 0.085423928 | K263: 0.047224501 | L263: 0.026576395 | M263: 0.14070816 | N263: -1.2567855 | O263: 1.0996221 | P263: 0.39415383 | Q263: 2.1746486 | R263: 2.3419331 | S263: -0.012112683 | Z263: =K263+J263+I263+H263+G263+D263+C263+B263+P263 -> 3.4314341 | AA263: =10^((Z263+$V$100)/$V$99) -> 517.16329 | AC263: 1.3256309 | AE263: =F263+E263 -> -1.2567855 | AF263: 0.91786307
A264: 2012.5 | B264: 1.9123711 | C264: 0.52245306 | D264: 0.18768847 | E264: -0.28781598 | F264: -0.99133368 | G264: 0.46614802 | H264: 0.045436685 | I264: -0.18876988 | J264: 0.088471254 | K264: 0.047446351 | L264: 0.040944534 | M264: 0.17946857 | N264: -1.2791497 | O264: 1.1058327 | P264: 0.39569122 | Q264: 2.1977866 | R264: 2.4181997 | S264: -0.0074155918 | Z264: =K264+J264+I264+H264+G264+D264+C264+B264+P264 -> 3.4769363 | AA264: =10^((Z264+$V$100)/$V$99) -> 521.43281 | AC264: 1.3258034 | AE264: =F264+E264 -> -1.2791497 | AF264: 0.91863698
A265: 2013.5 | B265: 1.9518685 | C265: 0.52446662 | D265: 0.19064721 | E265: -0.26771085 | F265: -0.93215679 | G265: 0.45918644 | H265: 0.046807939 | I265: -0.18934524 | J265: 0.083539558 | K265: 0.047683435 | L265: 0.049212845 | M265: 0.20335737 | N265: -1.1998676 | O265: 1.1125908 | P265: 0.39747694 | Q265: 2.3124637 | R265: 2.565034 | S265: -0.011314306 | Z265: =K265+J265+I265+H265+G265+D265+C265+B265+P265 -> 3.5123314 | AA265: =10^((Z265+$V$100)/$V$99) -> 524.77833 | AC265: 1.3169684 | AE265: =F265+E265 -> -1.1998676 | AF265: 1.1125961
A266: 2014.5 | B266: 1.9795752 | C266: 0.52789863 | D266: 0.19421072 | E266: -0.26480005 | F266: -0.94329577 | G266: 0.46768259 | H266: 0.048705699 | I266: -0.18962885 | J266: 0.084867229 | K266: 0.048086093 | L266: 0.059103616 | M266: 0.18433627 | N266: -1.2080958 | O266: 1.1212966 | P266: 0.39918726 | Q266: 2.3524888 | R266: 2.5959287 | S266: -0.0079698305 | Z266: =K266+J266+I266+H266+G266+D266+C266+B266+P266 -> 3.5605846 | AA266: =10^((Z266+$V$100)/$V$99) -> 529.3738 | AC266: 1.3179128 | AE266: =F266+E266 -> -1.2080958 | AF266: 1.144393
A267: 2015.5 | B267: 2.012419 | C267: 0.53205651 | D267: 0.19714369 | E267: -0.25829869 | F267: -0.93595219 | G267: 0.47676341 | H267: 0.051189852 | I267: -0.1895554 | J267: 0.084498379 | K267: 0.048573341 | L267: 0.029197293 | M267: 0.15391054 | N267: -1.1942509 | O267: 1.1300039 | P267: 0.40080371 | Q267: 2.4196416 | R267: 2.6027494 | S267: -0.0052938275 | Z267: =K267+J267+I267+H267+G267+D267+C267+B267+P267 -> 3.6138925 | AA267: =10^((Z267+$V$100)/$V$99) -> 534.49745 | AC267: 1.3181599 | AE267: =F267+E267 -> -1.1942509 | AF267: 1.2253907
A268: 2016.5 | B268: 2.0606091 | C268: 0.53510184 | D268: 0.19970851 | E268: -0.23523602 | F268: -0.86186365 | G268: 0.46401628 | H268: 0.053790307 | I268: -0.18987814 | J268: 0.078376663 | K268: 0.048932144 | L268: -0.007587226 | M268: 0.17276216 | N268: -1.0970997 | O268: 1.1373898 | P268: 0.40257946 | Q268: 2.5561365 | R268: 2.7213114 | S268: -0.0087790232 | Z268: =K268+J268+I268+H268+G268+D268+C268+B268+P268 -> 3.6532361 | AA268: =10^((Z268+$V$100)/$V$99) -> 538.31072 | AC268: 1.3068651 | AE268: =F268+E268 -> -1.0970997
A269: 2017.5 | B269: 2.0909386 | C269: 0.53772345 | D269: 0.20259624 | E269: -0.22600405 | F269: -0.8483429 | G269: 0.4669618 | H269: 0.05631055 | I269: -0.19010653 | J269: 0.078243063 | K269: 0.04924298 | L269: -0.017466581 | M269: 0.19816843 | N269: -1.074347 | O269: 1.1449001 | P269: 0.40458036 | Q269: 2.6221435 | R269: 2.8028454 | S269: -0.0063099393 | Z269: =K269+J269+I269+H269+G269+D269+C269+B269+P269 -> 3.6964905 | AA269: =10^((Z269+$V$100)/$V$99) -> 542.53443 | AC269: 1.3055999 | AE269: =F269+E269 -> -1.074347
A270: 2018.5 | B270: 2.1243279 | C270: 0.54087958 | D270: 0.20622173 | E270: -0.22324063 | F270: -0.8328515 | G270: 0.46759885 | H270: 0.056835524 | I270: -0.19007959 | J270: 0.075921267 | K270: 0.049618467 | L270: -0.021467554 | M270: 0.18027528 | N270: -1.0560921 | O270: 1.1537085 | P270: 0.4066072 | Q270: 2.6818387 | R270: 2.8406465 | S270: -0.0077043319 | Z270: =K270+J270+I270+H270+G270+D270+C270+B270+P270 -> 3.7379309 | AA270: =10^((Z270+$V$100)/$V$99) -> 546.61209 | AC270: 1.3017667 | AE270: =F270+E270 -> -1.0560921
A271: 2019.5 | B271: 2.1585205 | C271: 0.54408797 | D271: 0.20914351 | E271: -0.23536024 | F271: -0.87755908 | G271: 0.47919874 | H271: 0.061541386 | I271: -0.19063317 | J271: 0.08 | K271: 0.05 | L271: -0.022172872 | M271: 0.10844263 | N271: -1.1129193 | O271: 1.161275 | P271: 0.40804353 | Q271: 2.6869831 | R271: 2.7732529 | S271: 0.00090822106 | Z271: =K271+J271+I271+H271+G271+D271+C271+B271+P271 -> 3.7999025 | AA271: =10^((Z271+$V$100)/$V$99) -> 552.76723 | AC271: 1.3050227 | AE271: =F271+E271 -> -1.1129193
A272: 2020.5 | B272: 2.1912845 | C272: 0.54869191 | D272: 0.21277959 | E272: -0.18794397 | F272: -0.76860448 | G272: 0.46210994 | H272: 0.03067597 | I272: -0.19116768 | J272: 0.0740985 | K272: 0.05054847 | L272: -0.016968634 | M272: 0.074220309 | N272: -0.95654846 | O272: 1.1702883 | P272: 0.40881676 | Q272: 2.8312895 | R272: 2.8885412 | S272: -0.035844744 | Z272: =K272+J272+I272+H272+G272+D272+C272+B272+P272 -> 3.787838 | AA272: =10^((Z272+$V$100)/$V$99) -> 551.56355 | AC272: 1.2828144 | AE272: =F272+E272 -> -0.95654846
A273: 2021.5 | B273: 2.2223692 | C273: 0.55478322 | D273: 0.21670637 | E273: -0.21299404 | F273: -0.82574634 | G273: 0.47675603 | H273: 0.036909063 | I273: -0.19141431 | J273: 0.077541113 | K273: 0.051276099 | L273: 0.019557242 | M273: 0.13240895 | N273: -1.0387404 | O273: 1.1813158 | P273: 0.40982625 | Q273: 2.8160127 | R273: 2.9679789 | S273: -0.02568803 | Z273: =K273+J273+I273+H273+G273+D273+C273+B273+P273 -> 3.8547531 | AA273: =10^((Z273+$V$100)/$V$99) -> 558.2729 | AC273: 1.2875534 | AE273: =F273+E273 -> -1.0387404 | AH273: 2.2885386
A274: 2022.5 | B274: 2.2549438 | C274: 0.56075299 | D274: 0.22070085 | E274: -0.18683322 | F274: -0.73882328 | G274: 0.47135545 | H274: 0.046869746 | I274: -0.1916025 | J274: 0.070228328 | K274: 0.051993396 | L274: 0.059393061 | M274: 0.17170531 | N274: -0.9256565 | O274: 1.1921714 | P274: 0.4107176 | Q274: 2.9703032 | R274: 3.2014016 | S274: -0.022511031 | Z274: =K274+J274+I274+H274+G274+D274+C274+B274+P274 -> 3.8959597 | AA274: =10^((Z274+$V$100)/$V$99) -> 562.4451 | AC274: 1.2830861 | AE274: =F274+E274 -> -0.9256565
A275: 2023.5 | B275: 2.2860003 | C275: 0.56449839 | D275: 0.22400165 | E275: -0.24245311 | F275: -0.88838907 | G275: 0.50092579 | H275: 0.051360315 | I275: -0.19219637 | J275: 0.083364666 | K275: 0.052446901 | L275: 0.081981598 | M275: 0.26497923 | N275: -1.1308422 | O275: 1.1995669 | P275: 0.41106684 | Q275: 2.8506263 | R275: 3.1975872 | S275: -0.0050244913 | Z275: =K275+J275+I275+H275+G275+D275+C275+B275+P275 -> 3.9814685 | AA275: =10^((Z275+$V$100)/$V$99) -> 571.20265 | AB275: 2.7500801 | AC275: 1.2949969 | AE275: =F275+E275 -> -1.1308422
A276: 2024.5 | B276: 2.3324569 | C276: 0.56724225 | D276: 0.22711608 | E276: -0.21555278 | F276: -0.850661 | G276: 0.50258058 | H276: 0.056384693 | I276: -0.19256304 | J276: 0.082753389 | K276: 0.052781478 | L276: 0.090837254 | M276: 0.23795423 | N276: -1.0662138 | O276: 1.2058562 | P276: 0.41149784 | Q276: 2.9740364 | R276: 3.3028279 | S276: -0.00064347878 | Z276: =K276+J276+I276+H276+G276+D276+C276+B276+P276 -> 4.0402502 | AA276: =10^((Z276+$V$100)/$V$99) -> 577.30186 | AE276: =F276+E276 -> -1.0662138
A280: Source: /Users/JohnMatthew/Dropbox/KalmanFilterPython/ERF_best_aggregates_1750-2024.xlsx; AE is authoritative for H.

Sheet Extension inputs
A1: Year | B1: HadCRUT5.1 anomaly (°C) | C1: Temperature SE (°C) | D1: IAP 0–6000 m (ZJ) | E1: IAP SE (ZJ) | F1: Annual TSI (W/m²) | G1: 525 nm AOD ×1000 | H1: Observed CO2 (ppm) | I1: eCO2 / CO2
A2: 1850 | B2: -0.42648312 | C2: 0.086558442 | F2: 1361.7836
A3: 1851 | B3: -0.2635183 | C3: 0.087122259 | F3: 1361.7212
A4: 1852 | B4: -0.22405294 | C4: 0.082300038 | F4: 1361.6761
A5: 1853 | B5: -0.26234877 | C5: 0.079540539 | F5: 1361.5374
A6: 1854 | B6: -0.29358405 | C6: 0.068980705 | F6: 1361.363
A7: 1855 | B7: -0.29138646 | C7: 0.067710675 | F7: 1361.1906
A8: 1856 | B8: -0.32809034 | C8: 0.072110575 | F8: 1361.155
A9: 1857 | B9: -0.46585593 | C9: 0.075915982 | F9: 1361.314
A10: 1858 | B10: -0.3967561 | C10: 0.075354932 | F10: 1361.6183
A11: 1859 | B11: -0.29197732 | C11: 0.071113728 | F11: 1361.8894
A12: 1860 | B12: -0.40712935 | C12: 0.075532525 | F12: 1361.9712
A13: 1861 | B13: -0.4636966 | C13: 0.08527384 | F13: 1361.8658
... A130: 1978 | B130: 0.005504774 | C130: 0.019832049 | F130: 1361.8116
A131: 1979 | B131: 0.0881039 | C131: 0.014426632 | F131: 1362.1752 | G131: 5.473
A132: 1980 | B132: 0.1915224 | C132: 0.016284183 | F132: 1362.2012 | G132: 7.638
A133: 1981 | B133: 0.24696657 | C133: 0.015620055 | F133: 1362.2485 | G133: 9.386
A134: 1982 | B134: 0.030967088 | C134: 0.020248185 | F134: 1361.8069 | G134: 28.96
A135: 1983 | B135: 0.22084606 | C135: 0.017762305 | F135: 1361.8102 | G135: 48.222
A136: 1984 | B136: 0.04603783 | C136: 0.016992838 | F136: 1361.4021 | G136: 28.374
A137: 1985 | B137: 0.045988217 | C137: 0.016537193 | F137: 1361.2557 | G137: 14.164
A138: 1986 | B138: 0.09232101 | C138: 0.016175331 | F138: 1361.2617 | G138: 15.939
A139: 1987 | B139: 0.23820166 | C139: 0.01536689 | F139: 1361.3965 | G139: 10.816
A140: 1988 | B140: 0.27761188 | C140: 0.017482005 | F140: 1361.7025 | G140: 7.926
A141: 1989 | B141: 0.17489623 | C141: 0.017683965 | F141: 1362.2012 | G141: 6.002
A142: 1990 | B142: 0.35504323 | C142: 0.017601675 | F142: 1362.12 | G142: 6.356
A143: 1991 | B143: 0.3338096 | C143: 0.017801807 | F143: 1362.0125 | G143: 50.011
A144: 1992 | B144: 0.12002608 | C144: 0.0167813 | D144: -200.625 | E144: 16.95485 | F144: 1361.8813 | G144: 112.427
A145: 1993 | B145: 0.16109136 | C145: 0.019168385 | D145: -205.975 | E145: 14.968991 | F145: 1361.6144 | G145: 56.226
A146: 1994 | B146: 0.22744027 | C146: 0.01819119 | D146: -180.94167 | E146: 14.161112 | F146: 1361.3958 | G146: 17.943
A147: 1995 | B147: 0.37113267 | C147: 0.016589598 | D147: -178.85833 | E147: 13.839845 | F147: 1361.3113 | G147: 8.73
A148: 1996 | B148: 0.2708395 | C148: 0.016127013 | D148: -155.025 | E148: 14.456964 | F148: 1361.2351 | G148: 5.583
A149: 1997 | B149: 0.41507134 | C149: 0.016238032 | D149: -165.025 | E149: 14.642048 | F149: 1361.3572 | G149: 4.53
A150: 1998 | B150: 0.571961 | C150: 0.016523115 | D150: -147.53333 | E150: 13.82846 | F150: 1361.7025 | G150: 4.423
A151: 1999 | B151: 0.3180378 | C151: 0.016307562 | D151: -126.54167 | E151: 14.391235 | F151: 1361.9731 | G151: 4.25
A152: 2000 | B152: 0.32550883 | C152: 0.016370008 | D152: -127.53333 | E152: 13.958593 | F152: 1362.2537 | G152: 4.24 | H152: 369.71 | I152: =toyKFmodelData8c!C151/H152 -> 1.2882727
A153: 2001 | B153: 0.48345044 | C153: 0.016896537 | D153: -122.80833 | E153: 13.136065 | F153: 1362.0814 | G153: 4.399 | H153: 371.32 | I153: =toyKFmodelData8c!C152/H153 -> 1.2903537
A154: 2002 | B154: 0.5371589 | C154: 0.01511195 | D154: -91.175 | E154: 12.047582 | F154: 1362.1906 | G154: 4.177 | H154: 373.45 | I154: =toyKFmodelData8c!C153/H154 -> 1.2954175
A155: 2003 | B155: 0.5382795 | C155: 0.016733573 | D155: -59.825 | E155: 10.555894 | F155: 1361.6907 | G155: 4.958 | H155: 375.98 | I155: =toyKFmodelData8c!C154/H155 -> 1.2984064
A156: 2004 | B156: 0.46242514 | C156: 0.01518427 | D156: -62.816667 | E156: 8.1851619 | F156: 1361.4706 | G156: 4.435 | H156: 377.7 | I156: =toyKFmodelData8c!C155/H156 -> 1.3031641
A157: 2005 | B157: 0.60230726 | C157: 0.015619225 | D157: -58.4 | E157: 6.6123937 | F157: 1361.2625 | G157: 6.123 | H157: 379.98 | I157: =toyKFmodelData8c!C156/H157 -> 1.3055883
A158: 2006 | B158: 0.5663244 | C158: 0.015654622 | D158: -37.941667 | E158: 6.863116 | F158: 1361.2358 | G158: 7.302 | H158: 382.09 | I158: =toyKFmodelData8c!C157/H158 -> 1.3088736
A159: 2007 | B159: 0.5855141 | C159: 0.015970815 | D159: -45.025 | E159: 5.684213 | F159: 1361.1686 | G159: 7.854 | H159: 384.02 | I159: =toyKFmodelData8c!C158/H159 -> 1.3124735
A160: 2008 | B160: 0.45918968 | C160: 0.01623419 | D160: -25.541667 | E160: 4.9112965 | F160: 1361.1968 | G160: 6.747 | H160: 385.83 | I160: =toyKFmodelData8c!C159/H160 -> 1.3138899
A161: 2009 | B161: 0.59000766 | C161: 0.015432888 | D161: -18.791667 | E161: 4.3323416 | F161: 1361.191 | G161: 8.115 | H161: 387.64 | I161: =toyKFmodelData8c!C160/H161 -> 1.3116126
A162: 2010 | B162: 0.67364746 | C162: 0.015316107 | D162: -17.65 | E162: 3.3741151 | F162: 1361.3396 | G162: 6.533 | H162: 390.1 | I162: =toyKFmodelData8c!C161/H162 -> 1.3174369
A163: 2011 | B163: 0.53261703 | C163: 0.015460147 | D163: 0.84166667 | E163: 2.5074195 | F163: 1361.6064 | G163: 8.654 | H163: 391.85 | I163: =toyKFmodelData8c!C162/H163 -> 1.3197991
... A176: 2024 | B176: 1.1690052 | C176: 0.019584975 | D176: 195.85 | E176: 2.6791764 | F176: 1362.5648 | G176: 12.285 | H176: 424.61 | I176: =toyKFmodelData8c!C175/H176 -> 1.359605
A177: 2025 | B177: 1.0480304 | C177: 0.019697525 | D177: 219.5 | E177: 3.2274243 | F177: 1362.4159 | G177: 11.796 | H177: 427.35
